,section,st_pos,mid_pos,first-century,pre-fatimid,fatimid,ayyubid,mamluk
0,1,0,1026.0,0,0,0,0,0
1,2,2052,2910.5,0,0,0,0,0
2,3,3769,4623.0,0,0,0,0,0
3,4,5477,6297.5,0,0,0,0,0
4,5,7118,7986.5,0,0,0,0,1
5,6,8855,9684.5,0,0,0,0,0
6,7,10514,11384.0,2,0,2,0,0
7,8,12254,13156.0,4,0,0,0,3
8,9,14058,14953.0,0,0,0,0,0
9,10,15848,16731.5,0,0,0,0,0
10,11,17615,18558.0,0,0,0,0,0
11,12,19501,20402.0,0,0,0,0,0
12,13,21303,22231.5,0,0,0,0,0
13,14,23160,24047.5,0,0,0,0,0
14,15,24935,25828.5,0,0,0,0,0
15,16,26722,27568.0,0,0,0,0,0
16,17,28414,29234.0,0,0,0,0,0
17,18,30054,30991.5,0,0,0,0,0
18,19,31929,32763.5,0,0,0,0,0
19,20,33598,34469.0,0,0,0,0,0
20,21,35340,36225.0,0,0,0,0,0
21,22,37110,37950.5,0,0,0,0,0
22,23,38791,39677.0,0,0,0,0,0
23,24,40563,41460.0,0,0,0,0,0
24,25,42357,43312.5,0,0,0,0,0
25,26,44268,45201.5,0,0,0,0,0
26,27,46135,47024.5,0,0,0,0,0
27,28,47914,48816.5,0,0,0,0,0
28,29,49719,50603.5,0,0,0,0,0
29,30,51488,52328.0,0,0,0,0,0
30,31,53168,53993.0,0,0,0,0,0
31,32,54818,55680.5,0,0,0,0,0
32,33,56543,57360.0,0,0,0,0,0
33,34,58177,59013.0,0,0,0,0,0
34,35,59849,60683.0,0,0,0,0,0
35,36,61517,62324.0,0,0,0,0,0
36,37,63131,63919.0,0,0,0,0,0
37,38,64707,65504.0,0,0,0,0,0
38,39,66301,67120.5,0,0,0,0,0
39,40,67940,68745.0,0,0,0,0,0
40,41,69550,70359.0,1,0,0,0,0
41,42,71168,71926.0,0,0,0,0,0
42,43,72684,73493.0,0,0,0,0,0
43,44,74302,75134.0,0,0,0,0,0
44,45,75966,76830.5,0,0,0,0,0
45,46,77695,78530.0,0,0,0,0,0
46,47,79365,80207.0,0,0,0,0,0
47,48,81049,81910.0,0,0,0,0,0
48,49,82771,83628.0,0,0,0,0,0
49,50,84485,85316.0,0,0,0,0,0
50,51,86147,86966.5,0,0,0,0,0
51,52,87786,88614.5,0,0,0,0,0
52,53,89443,90286.0,0,0,0,0,0
53,54,91129,91986.5,0,0,0,0,0
54,55,92844,93770.0,0,0,0,0,0
55,56,94696,95536.5,0,0,0,0,0
56,57,96377,97177.5,0,0,0,0,0
57,58,97978,98839.5,0,0,0,0,0
58,59,99701,100627.5,0,0,0,0,0
59,60,101554,102430.0,0,0,0,0,1
60,61,103306,104114.0,1,1,0,0,0
61,62,104922,105720.5,0,0,0,0,0
62,63,106519,107313.5,0,0,0,0,0
63,64,108108,108937.5,1,0,0,0,0
64,65,109767,110570.5,0,0,0,0,0
65,66,111374,112225.5,1,0,0,0,0
66,67,113077,113899.5,0,0,0,0,0
67,68,114722,115603.5,0,0,0,0,0
68,69,116485,117312.5,0,0,0,0,0
69,70,118140,118972.0,0,0,0,0,0
70,71,119804,120623.5,0,0,0,0,0
71,72,121443,122306.5,0,0,0,0,0
72,73,123170,124004.5,0,0,0,0,0
73,74,124839,125661.0,0,0,0,0,0
74,75,126483,127317.0,1,0,0,0,0
75,76,128151,128989.0,0,0,0,0,0
76,77,129827,130649.5,0,0,0,0,0
77,78,131472,132284.0,0,1,0,0,0
78,79,133096,133914.0,0,0,0,0,0
79,80,134732,135578.0,0,0,0,0,0
80,81,136424,137255.0,0,0,0,0,0
81,82,138086,138912.0,0,0,0,0,0
82,83,139738,140571.0,0,0,0,0,0
83,84,141404,142223.5,0,0,0,0,0
84,85,143043,143877.0,0,0,0,0,0
85,86,144711,145508.0,0,0,0,0,0
86,87,146305,147167.0,0,0,0,0,0
87,88,148029,148884.0,0,0,0,0,0
88,89,149739,150557.5,0,0,0,0,0
89,90,151376,152234.5,0,0,0,0,0
90,91,153093,153939.0,0,0,0,0,0
91,92,154785,155637.5,0,2,0,0,0
92,93,156490,157332.0,0,0,0,0,0
93,94,158174,159025.0,0,0,0,0,0
94,95,159876,160724.5,0,0,0,0,0
95,96,161573,162415.0,0,0,0,0,0
96,97,163257,164091.5,0,0,0,0,0
97,98,164926,165797.0,0,0,0,0,0
98,99,166668,167550.0,0,0,0,0,0
99,100,168432,169330.5,0,0,0,0,0
100,101,170229,171066.5,0,0,0,0,0
101,102,171904,172772.0,0,0,0,0,0
102,103,173640,174490.0,0,0,0,0,0
103,104,175340,176200.0,0,0,0,0,0
104,105,177060,177915.5,0,0,0,0,0
105,106,178771,179610.0,0,0,0,0,0
106,107,180449,181323.5,0,0,0,0,0
107,108,182198,183110.0,0,0,0,0,0
108,109,184022,184954.5,1,0,1,0,0
109,110,185887,186727.5,3,0,0,0,0
110,111,187568,188412.0,0,0,0,0,0
111,112,189256,190136.5,0,0,0,0,0
112,113,191017,191820.5,0,0,0,0,0
113,114,192624,193490.5,0,0,0,0,0
114,115,194357,195212.0,0,0,0,0,0
115,116,196067,196951.0,0,0,0,0,0
116,117,197835,198659.0,0,0,0,0,0
117,118,199483,200289.0,0,0,0,0,0
118,119,201095,201935.5,0,0,0,0,0
119,120,202776,203609.0,0,0,0,0,0
120,121,204442,205269.0,0,0,0,0,0
121,122,206096,206934.5,0,0,0,0,0
122,123,207773,208637.5,0,0,0,0,0
123,124,209502,210311.0,0,0,0,0,0
124,125,211120,211924.5,0,0,0,0,0
125,126,212729,213543.5,0,0,0,0,0
126,127,214358,215142.5,0,0,0,0,0
127,128,215927,216708.5,0,0,0,0,0
128,129,217490,218306.5,0,0,0,0,0
129,130,219123,219978.5,0,0,0,0,0
130,131,220834,221660.5,1,3,0,0,0
131,132,222487,223287.5,0,0,0,0,0
132,133,224088,224938.0,0,0,0,0,0
133,134,225788,226647.0,0,4,0,0,0
134,135,227506,228374.5,0,0,0,0,0
135,136,229243,230098.0,0,1,0,0,0
136,137,230953,231810.5,0,0,2,1,1
137,138,232668,233525.0,0,0,1,1,2
138,139,234382,235200.5,0,0,0,0,0
139,140,236019,236846.5,1,0,0,0,0
140,141,237674,238519.0,0,0,0,0,0
141,142,239364,240213.0,0,0,0,0,0
142,143,241062,241864.0,0,0,0,0,0
143,144,242666,243528.0,0,0,0,0,0
144,145,244390,245239.5,0,0,0,0,0
145,146,246089,246935.0,0,0,0,0,0
146,147,247781,248622.0,0,0,0,0,0
147,148,249463,250314.0,0,0,0,0,0
148,149,251165,251999.5,0,0,0,0,0
149,150,252834,253669.0,0,0,0,0,0
150,151,254504,255316.5,0,0,0,0,0
151,152,256129,256943.5,0,0,0,0,0
152,153,257758,258579.0,0,0,0,0,0
153,154,259400,260235.5,0,0,0,0,0
154,155,261071,261841.0,0,0,0,0,0
155,156,262611,263459.5,1,0,0,0,1
156,157,264308,265136.0,1,0,0,0,0
157,158,265964,266873.5,0,0,0,0,1
158,159,267783,268649.0,0,0,0,0,0
159,160,269515,270341.5,0,0,0,0,0
160,161,271168,272010.5,0,0,0,0,0
161,162,272853,273713.0,0,0,0,0,0
162,163,274573,275412.5,0,1,1,0,1
163,164,276252,277075.5,0,0,0,0,0
164,165,277899,278860.0,0,0,0,0,0
165,166,279821,280741.5,0,0,0,0,0
166,167,281662,282566.5,0,1,0,0,0
167,168,283471,284338.0,0,0,0,0,0
168,169,285205,286031.5,1,0,0,0,0
169,170,286858,287705.0,0,0,0,0,0
170,171,288552,289411.0,0,0,0,0,0
171,172,290270,291109.0,0,0,0,0,0
172,173,291948,292750.0,0,0,0,0,0
173,174,293552,294381.0,0,0,0,0,0
174,175,295210,296063.5,0,0,0,0,0
175,176,296917,297684.0,0,0,0,0,0
176,177,298451,299219.5,0,0,0,0,0
177,178,299988,300759.0,0,0,0,0,0
178,179,301530,302324.5,0,0,0,0,0
179,180,303119,303929.5,1,0,0,0,0
180,181,304740,305581.5,0,4,0,0,0
181,182,306423,307253.5,0,3,0,0,0
182,183,308084,308930.5,0,2,0,0,0
183,184,309777,310619.0,0,4,0,0,0
184,185,311461,312312.0,0,3,0,0,0
185,186,313163,314006.5,0,0,0,0,0
186,187,314850,315710.5,0,0,0,0,0
187,188,316571,317418.5,0,0,1,0,0
188,189,318266,319152.5,0,0,1,0,0
189,190,320039,320949.0,0,0,4,0,0
190,191,321859,322791.5,0,0,0,0,0
191,192,323724,324602.5,0,0,0,0,0
192,193,325481,326367.5,1,0,0,0,0
193,194,327254,328140.5,0,0,0,0,0
194,195,329027,329923.0,1,0,0,0,0
195,196,330819,331649.0,0,0,0,0,0
196,197,332479,333318.5,0,0,0,0,0
197,198,334158,335109.0,0,0,0,3,0
198,199,336060,337113.5,0,0,0,1,0
199,200,338167,339150.0,2,0,0,2,0
200,201,340133,341028.5,0,0,0,0,1
201,202,341924,342796.5,1,0,0,0,0
202,203,343669,344492.0,0,0,0,0,0
203,204,345315,346134.5,0,0,0,0,0
204,205,346954,347821.5,0,0,0,0,0
205,206,348689,349531.0,1,0,0,0,1
206,207,350373,351230.0,1,0,0,0,0
207,208,352087,352953.5,0,0,0,0,2
208,209,353820,354648.5,0,0,0,0,0
209,210,355477,356277.0,0,0,0,0,0
210,211,357077,357949.5,3,0,0,0,0
211,212,358822,359647.0,0,0,0,0,0
212,213,360472,361306.0,0,0,0,0,0
213,214,362140,362957.5,2,0,0,0,0
214,215,363775,364609.0,0,2,0,0,0
215,216,365443,366275.5,0,0,0,0,0
216,217,367108,367973.0,0,0,0,0,1
217,218,368838,369692.0,0,0,0,0,0
218,219,370546,371338.5,0,0,0,0,0
219,220,372131,372931.5,0,0,0,0,0
220,221,373732,374523.0,1,0,0,0,0
221,222,375314,376091.0,0,0,0,0,0
222,223,376868,377681.5,0,0,0,0,0
223,224,378495,379327.0,0,0,0,0,0
224,225,380159,381008.0,2,1,0,0,0
225,226,381857,382650.0,0,0,0,0,0
226,227,383443,384286.0,0,1,0,0,0
227,228,385129,385982.5,0,1,0,0,0
228,229,386836,387787.0,0,0,7,0,0
229,230,388738,389614.0,0,0,1,1,0
230,231,390490,391332.5,0,0,0,0,0
231,232,392175,393019.5,0,0,0,0,1
232,233,393864,394685.5,0,0,0,1,0
233,234,395507,396339.5,0,0,0,0,0
234,235,397172,397979.5,0,0,0,0,0
235,236,398787,399646.5,0,0,0,0,0
236,237,400506,401330.5,0,0,0,0,0
237,238,402155,403029.5,0,2,0,0,0
238,239,403904,404919.5,0,0,0,0,0
239,240,405935,406966.0,0,0,1,0,0
240,241,407997,408876.5,0,0,0,2,0
241,242,409756,410640.0,1,0,0,0,2
242,243,411524,412411.5,2,0,0,0,4
243,244,413299,414114.0,1,0,0,0,1
244,245,414929,415857.0,0,0,0,0,1
245,246,416785,417702.5,0,0,0,1,2
246,247,418620,419494.5,0,0,0,0,0
247,248,420369,421249.5,1,0,0,1,0
248,249,422130,422953.5,0,0,0,0,0
249,250,423777,424674.0,1,0,1,0,0
250,251,425571,426464.0,3,0,0,1,0
251,252,427357,428263.0,1,0,2,0,0
252,253,429169,430031.0,0,0,0,0,0
253,254,430893,431702.0,0,0,0,0,0
254,255,432511,433400.5,0,0,0,0,0
255,256,434290,435136.5,0,0,0,0,0
256,257,435983,436889.5,0,0,0,0,0
257,258,437796,438679.0,0,0,0,0,0
258,259,439562,440399.5,0,0,0,0,0
259,260,441237,442057.0,0,0,0,0,0
260,261,442877,443746.0,0,0,0,0,0
261,262,444615,445463.0,0,0,0,0,0
262,263,446311,447168.5,0,0,0,0,0
263,264,448026,448864.0,0,0,0,0,0
264,265,449702,450557.0,0,0,0,0,0
265,266,451412,452233.0,0,0,0,0,0
266,267,453054,453880.5,0,0,1,0,0
267,268,454707,455550.5,0,0,0,0,0
268,269,456394,457234.5,1,1,0,0,0
269,270,458075,458897.5,0,0,1,0,0
270,271,459720,460606.5,0,0,0,0,0
271,272,461493,462360.0,0,0,0,0,0
272,273,463227,464058.5,0,0,0,0,0
273,274,464890,465709.5,0,0,0,0,0
274,275,466529,467413.0,0,0,0,2,0
275,276,468297,469151.5,0,0,0,0,0
276,277,470006,470875.5,0,0,0,1,0
277,278,471745,472622.0,0,0,0,0,0
278,279,473499,474403.5,0,0,0,0,1
279,280,475308,476162.0,0,0,0,0,1
280,281,477016,477864.5,0,0,0,0,1
281,282,478713,479579.5,0,0,0,0,0
282,283,480446,481275.0,0,0,0,0,0
283,284,482104,482898.0,0,0,0,0,0
284,285,483692,484541.0,0,0,0,0,0
285,286,485390,486253.5,0,0,1,0,0
286,287,487117,487988.5,0,0,0,0,0
287,288,488860,489739.5,0,0,0,0,0
288,289,490619,491502.0,0,0,0,0,0
289,290,492385,493281.0,0,0,1,0,0
290,291,494177,495029.5,0,0,1,0,0
291,292,495882,496732.0,0,0,0,0,0
292,293,497582,498453.5,0,0,0,0,0
293,294,499325,500260.0,0,0,0,0,0
294,295,501195,502060.0,0,0,0,0,0
295,296,502925,503774.0,0,0,0,0,0
296,297,504623,505429.0,0,0,0,0,0
297,298,506235,507062.0,0,0,0,0,0
298,299,507889,508718.5,0,0,0,0,0
299,300,509548,510398.5,0,0,0,0,0
300,301,511249,512110.5,0,0,0,0,0
301,302,512972,513762.0,0,0,0,0,0
302,303,514552,515397.5,0,0,0,0,0
303,304,516243,517043.0,0,0,0,0,0
304,305,517843,518718.5,1,0,0,0,0
305,306,519594,520427.5,0,0,0,0,0
306,307,521261,522104.5,0,0,0,0,0
307,308,522948,523784.5,0,0,0,1,0
308,309,524621,525470.0,0,0,0,0,1
309,310,526319,527107.0,0,0,0,0,0
310,311,527895,528760.0,0,0,0,0,0
311,312,529625,530434.5,0,0,0,0,0
312,313,531244,532074.0,0,0,0,0,0
313,314,532904,533729.0,0,0,0,0,0
314,315,534554,535372.0,0,0,0,0,0
315,316,536190,537027.5,0,0,0,0,0
316,317,537865,538736.5,0,0,0,0,0
317,318,539608,540447.5,1,0,0,0,0
318,319,541287,542123.5,0,0,0,0,0
319,320,542960,543818.5,0,0,0,0,0
320,321,544677,545522.5,0,0,0,0,0
321,322,546368,547174.5,0,0,0,0,0
322,323,547981,548857.5,0,0,0,0,0
323,324,549734,550576.5,0,0,0,0,0
324,325,551419,552289.5,0,0,0,0,0
325,326,553160,554024.5,0,0,0,0,0
326,327,554889,555697.0,0,0,0,0,0
327,328,556505,557363.0,0,0,0,0,0
328,329,558221,559092.0,1,0,0,0,0
329,330,559963,560820.0,0,1,0,0,0
330,331,561677,562519.0,0,0,0,0,0
331,332,563361,564263.0,0,0,0,0,0
332,333,565165,566020.0,0,0,0,0,0
333,334,566875,567714.5,0,0,0,0,0
334,335,568554,569398.5,0,0,0,0,0
335,336,570243,571094.0,0,0,0,0,0
336,337,571945,572774.5,0,0,0,0,0
337,338,573604,574422.0,0,0,0,0,0
338,339,575240,576051.0,0,0,0,0,0
339,340,576862,577713.0,0,0,0,0,0
340,341,578564,579428.5,0,0,0,0,0
341,342,580293,581172.0,0,0,0,0,0
342,343,582051,582936.0,0,0,0,0,0
343,344,583821,584684.0,0,0,0,0,0
344,345,585547,586395.5,0,0,0,0,0
345,346,587244,588128.5,0,0,0,0,0
346,347,589013,589872.5,0,0,0,0,0
347,348,590732,591650.0,2,1,0,0,0
348,349,592568,593454.5,2,0,0,0,1
349,350,594341,595174.0,0,0,0,0,0
350,351,596007,596829.0,0,0,0,0,0
351,352,597651,598533.5,0,0,0,0,0
352,353,599416,600302.5,0,0,0,0,0
353,354,601189,602083.0,0,0,0,0,0
354,355,602977,603848.0,0,0,1,0,0
355,356,604719,605584.5,1,0,0,0,0
356,357,606450,607293.5,0,0,0,0,0
357,358,608137,609000.0,0,1,0,0,1
358,359,609863,610697.0,0,1,0,0,0
359,360,611531,612388.5,0,1,0,0,0
360,361,613246,614120.0,0,0,0,1,1
361,362,614994,615856.5,0,0,0,0,2
362,363,616719,617513.0,1,0,0,0,0
363,364,618307,619127.0,0,0,0,0,0
364,365,619947,620820.5,0,0,0,0,0
365,366,621694,622537.0,0,0,0,0,0
366,367,623380,624211.0,0,0,0,0,0
367,368,625042,625870.0,0,0,0,0,0
368,369,626698,627517.0,0,0,1,0,0
369,370,628336,629163.5,0,0,0,0,0
370,371,629991,630846.5,0,0,0,0,1
371,372,631702,632558.5,0,0,0,0,0
372,373,633415,634248.5,1,0,0,0,0
373,374,635082,635924.0,0,0,0,0,0
374,375,636766,637659.5,0,0,0,0,0
375,376,638553,639451.0,2,0,0,0,0
376,377,640349,641210.0,0,0,0,0,0
377,378,642071,642882.5,0,0,0,0,0
378,379,643694,644530.0,2,0,0,0,0
379,380,645366,646187.5,0,0,0,0,0
380,381,647009,647853.0,0,0,0,0,0
381,382,648697,649553.0,0,0,0,0,0
382,383,650409,651246.0,0,0,0,0,0
383,384,652083,652915.5,0,0,0,0,0
384,385,653748,654568.5,0,0,0,0,0
385,386,655389,656236.0,2,0,0,0,0
386,387,657083,657911.0,1,0,0,0,0
387,388,658739,659622.0,1,0,0,0,0
388,389,660505,661367.5,0,0,0,0,0
389,390,662230,663079.5,0,0,0,0,0
390,391,663929,664802.0,0,0,0,0,0
391,392,665675,666589.5,0,4,1,0,2
392,393,667504,668394.5,0,0,0,0,1
393,394,669285,670119.5,0,0,0,0,1
394,395,670954,671811.0,0,2,0,0,1
395,396,672668,673532.0,1,0,0,0,0
396,397,674396,675286.0,1,4,0,0,0
397,398,676176,677055.5,0,5,0,0,0
398,399,677935,678817.0,0,4,0,0,0
399,400,679699,680585.0,0,0,3,1,0
400,401,681471,682338.0,1,0,0,0,1
401,402,683205,684089.0,0,0,0,0,0
402,403,684973,685816.5,0,0,0,0,0
403,404,686660,687551.0,0,0,0,0,0
404,405,688442,689278.5,0,0,0,0,0
405,406,690115,690985.5,0,1,0,0,0
406,407,691856,692702.0,0,1,1,0,0
407,408,693548,694406.0,2,2,0,0,0
408,409,695264,696108.5,0,1,0,0,0
409,410,696953,697818.5,0,4,0,0,0
410,411,698684,699521.5,0,4,0,0,0
411,412,700359,701189.5,1,1,1,0,0
412,413,702020,702871.0,1,4,2,0,0
413,414,703722,704600.0,1,0,1,3,0
414,415,705478,706351.5,0,4,2,2,0
415,416,707225,708097.5,0,1,1,1,0
416,417,708970,709854.0,0,0,0,1,1
417,418,710738,711562.5,0,0,0,0,1
418,419,712387,713227.0,0,0,0,0,0
419,420,714067,714935.5,0,1,0,0,0
420,421,715804,716674.0,0,0,0,0,0
421,422,717544,718430.0,0,0,1,0,1
422,423,719316,720153.5,0,0,0,1,0
423,424,720991,721865.0,0,0,0,0,0
424,425,722739,723587.0,2,0,2,0,0
425,426,724435,725275.5,0,0,0,0,0
426,427,726116,726980.5,0,0,0,0,2
427,428,727845,728678.0,0,0,0,0,0
428,429,729511,730377.0,0,0,0,0,0
429,430,731243,732075.5,0,0,0,0,1
430,431,732908,733777.5,0,0,0,0,0
431,432,734647,735508.0,0,0,0,0,0
432,433,736369,737204.0,0,0,0,0,0
433,434,738039,738903.5,0,0,0,0,0
434,435,739768,740577.0,1,0,0,0,2
435,436,741386,742307.0,0,0,0,0,0
436,437,743228,744096.0,0,0,0,0,0
437,438,744964,745843.0,0,0,0,0,0
438,439,746722,747592.5,0,0,0,0,0
439,440,748463,749276.0,0,0,0,0,0
440,441,750089,750940.0,0,0,0,0,0
441,442,751791,752664.0,0,0,0,0,0
442,443,753537,754398.5,0,0,0,0,0
443,444,755260,756109.0,0,0,0,0,0
444,445,756958,757819.5,0,0,0,0,0
445,446,758681,759556.5,0,0,0,0,0
446,447,760432,761262.5,0,0,0,0,0
447,448,762093,762947.0,0,1,0,0,0
448,449,763801,764579.0,0,0,0,0,0
449,450,765357,766161.5,0,0,0,0,0
450,451,766966,767856.5,0,2,0,0,0
451,452,768747,769597.5,0,1,0,0,0
452,453,770448,771320.5,0,0,0,0,0
453,454,772193,773064.0,0,0,0,0,0
454,455,773935,774819.5,2,1,0,1,0
455,456,775704,776547.0,0,0,0,0,3
456,457,777390,778242.0,1,0,0,0,0
457,458,779094,779908.0,3,0,0,0,0
458,459,780722,781558.0,0,1,0,0,0
459,460,782394,783236.0,1,0,0,0,0
460,461,784078,784906.0,0,1,0,0,0
461,462,785734,786589.5,0,0,0,0,0
462,463,787445,788337.0,0,0,0,0,1
463,464,789229,790100.0,1,0,0,0,0
464,465,790971,791821.5,0,0,0,0,2
465,466,792672,793568.0,0,0,0,0,0
466,467,794464,795346.5,0,0,0,0,1
467,468,796229,797055.0,0,0,0,0,0
468,469,797881,798737.5,0,0,0,0,0
469,470,799594,800468.5,0,3,1,0,0
470,471,801343,802182.0,2,0,1,0,0
471,472,803021,803846.5,2,0,0,0,0
472,473,804672,805541.5,0,1,0,0,1
473,474,806411,807223.5,0,0,1,0,0
474,475,808036,808914.5,0,0,0,0,0
475,476,809793,810602.5,0,2,0,0,0
476,477,811412,812210.0,2,0,0,0,0
477,478,813008,813833.0,2,0,0,0,0
478,479,814658,815507.0,2,0,0,0,0
479,480,816356,817180.5,7,0,0,0,0
480,481,818005,818843.5,3,0,0,0,0
481,482,819682,820533.5,0,0,0,0,0
482,483,821385,822257.5,0,0,1,1,0
483,484,823130,824008.0,0,3,0,0,0
484,485,824886,825798.5,0,0,1,0,0
485,486,826711,827604.5,0,1,1,0,0
486,487,828498,829403.0,0,0,1,0,0
487,488,830308,831171.0,0,0,0,0,1
488,489,832034,832886.5,0,0,0,0,0
489,490,833739,834624.0,3,2,0,0,0
490,491,835509,836426.5,0,0,3,0,0
491,492,837344,838230.0,0,0,0,4,0
492,493,839116,839975.5,0,0,0,1,0
493,494,840835,841711.5,0,0,0,0,0
494,495,842588,843486.5,0,0,0,0,0
495,496,844385,845227.5,0,0,0,0,0
496,497,846070,846983.5,1,0,0,0,0
497,498,847897,848780.0,0,0,0,0,0
498,499,849663,850571.0,1,0,0,0,0
499,500,851479,852380.5,1,0,0,0,0
500,501,853282,854141.5,2,0,0,1,0
501,502,855001,855879.5,0,0,0,0,0
502,503,856758,857620.0,0,0,0,0,0
503,504,858482,859388.0,0,0,0,0,0
504,505,860294,861215.0,0,0,0,0,0
505,506,862136,863026.5,0,0,0,0,0
506,507,863917,864825.5,0,0,0,0,0
507,508,865734,866612.5,0,0,0,0,0
508,509,867491,868407.0,0,0,0,0,0
509,510,869323,870200.5,0,0,0,0,0
510,511,871078,871941.5,0,0,0,0,1
511,512,872805,873670.0,0,0,0,0,0
512,513,874535,875348.0,0,0,1,0,0
513,514,876161,876989.5,0,0,0,0,0
514,515,877818,878625.5,0,0,0,0,0
515,516,879433,880285.0,1,1,0,0,1
516,517,881137,882008.0,0,0,2,0,1
517,518,882879,883713.5,0,1,0,0,0
518,519,884548,885409.5,0,0,2,2,1
519,520,886271,887155.5,0,0,0,0,2
520,521,888040,888978.5,0,0,0,0,0
521,522,889917,890787.5,1,0,0,0,0
522,523,891658,892540.0,0,0,0,0,0
523,524,893422,894294.5,0,0,0,0,1
524,525,895167,896009.0,0,1,0,0,0
525,526,896851,897684.0,0,0,0,0,0
526,527,898517,899396.5,0,0,0,0,0
527,528,900276,901152.0,0,0,0,1,0
528,529,902028,902894.5,0,0,0,0,1
529,530,903761,904629.0,0,0,0,0,0
530,531,905497,906368.5,0,0,0,0,0
531,532,907240,908059.5,0,0,0,0,1
532,533,908879,909751.0,0,0,0,1,0
533,534,910623,911450.0,0,0,0,0,0
534,535,912277,913121.5,0,0,0,0,0
535,536,913966,914867.5,0,0,0,0,0
536,537,915769,916642.5,0,0,0,0,0
537,538,917516,918377.0,0,2,0,0,0
538,539,919238,920102.0,0,0,1,0,1
539,540,920966,921830.0,0,0,0,0,4
540,541,922694,923531.0,0,0,0,0,0
541,542,924368,925214.0,0,0,0,0,0
542,543,926060,926924.0,0,0,0,0,2
543,544,927788,928677.0,0,0,0,0,0
544,545,929566,930431.5,0,0,0,0,0
545,546,931297,932180.5,0,0,0,1,1
546,547,933064,933889.5,0,0,0,0,0
547,548,934715,935549.0,0,0,0,0,0
548,549,936383,937251.5,0,0,0,0,0
549,550,938120,938979.0,0,0,0,0,0
550,551,939838,940681.5,0,0,0,0,0
551,552,941525,942370.5,0,0,0,0,0
552,553,943216,944057.5,0,0,0,0,0
553,554,944899,945767.5,0,0,0,0,0
554,555,946636,947477.0,0,0,0,0,0
555,556,948318,949158.5,0,0,0,0,0
556,557,949999,950814.5,0,0,0,0,0
557,558,951630,952466.5,0,0,0,0,0
558,559,953303,954117.5,0,0,0,0,0
559,560,954932,955747.0,0,0,0,0,0
560,561,956562,957376.5,0,0,0,0,0
561,562,958191,958999.5,0,0,0,0,0
562,563,959808,960640.5,0,0,0,0,0
563,564,961473,962336.0,0,0,0,0,0
564,565,963199,964066.0,0,0,1,0,0
565,566,964933,965793.0,0,0,0,0,0
566,567,966653,967534.0,0,0,0,0,0
567,568,968415,969257.5,0,0,0,0,0
568,569,970100,970944.0,0,0,0,0,0
569,570,971788,972653.5,0,1,0,1,0
570,571,973519,974442.0,1,0,0,0,3
571,572,975365,976202.5,0,0,0,0,0
572,573,977040,977911.0,0,1,0,0,0
573,574,978782,979683.5,2,0,0,1,1
574,575,980585,981526.5,5,1,1,0,0
575,576,982468,983349.0,0,0,0,1,0
576,577,984230,985115.0,1,0,0,1,0
577,578,986000,986913.5,2,1,0,2,0
578,579,987827,988717.5,0,0,0,0,0
579,580,989608,990505.0,0,0,0,0,0
580,581,991402,992298.5,0,0,0,0,0
581,582,993195,994065.5,0,0,0,0,0
582,583,994936,995800.5,0,0,0,0,0
583,584,996665,997551.0,0,0,0,0,0
584,585,998437,999304.5,0,0,0,0,0
585,586,1000172,1000993.0,0,1,0,1,0
586,587,1001814,1002630.5,0,0,1,0,0
587,588,1003447,1004264.5,0,0,0,0,0
588,589,1005082,1005964.0,0,0,0,0,0
589,590,1006846,1007651.0,0,0,0,0,0
590,591,1008456,1009339.0,0,0,0,0,0
591,592,1010222,1011118.0,0,0,0,0,0
592,593,1012014,1012924.0,3,0,1,0,0
593,594,1013834,1014744.5,1,0,0,1,1
594,595,1015655,1016546.5,0,0,1,0,0
595,596,1017438,1018396.5,1,2,0,0,0
596,597,1019355,1020250.0,0,1,0,0,0
597,598,1021145,1022052.0,1,0,0,0,0
598,599,1022959,1023838.5,1,0,0,1,0
599,600,1024718,1025629.0,1,2,0,0,0
600,601,1026540,1027408.0,0,0,0,0,0
601,602,1028276,1029101.0,0,0,0,0,0
602,603,1029926,1030851.0,0,0,1,0,0
603,604,1031776,1032689.0,0,0,0,0,0
604,605,1033602,1034517.0,0,1,0,0,0
605,606,1035432,1036335.5,0,0,4,0,0
606,607,1037239,1038139.5,0,0,1,0,0
607,608,1039040,1039918.0,0,0,0,0,0
608,609,1040796,1041658.5,0,0,0,0,0
609,610,1042521,1043393.0,0,0,3,0,0
610,611,1044265,1045127.5,0,0,0,0,0
611,612,1045990,1046864.0,1,0,0,0,0
612,613,1047738,1048685.0,1,0,2,0,0
613,614,1049632,1050550.5,0,0,0,2,0
614,615,1051469,1052360.0,0,0,0,0,0
615,616,1053251,1054147.5,0,0,0,0,0
616,617,1055044,1055984.5,0,0,0,0,0
617,618,1056925,1057816.5,0,0,0,0,0
618,619,1058708,1059630.5,0,0,0,0,0
619,620,1060553,1061447.5,0,0,0,0,0
620,621,1062342,1063261.0,2,0,0,0,0
621,622,1064180,1065088.0,0,0,0,0,0
622,623,1065996,1066881.0,0,3,0,0,0
623,624,1067766,1068635.0,0,1,0,0,0
624,625,1069504,1070387.0,0,3,0,0,0
625,626,1071270,1072074.5,0,0,0,0,0
626,627,1072879,1073726.0,0,1,0,0,0
627,628,1074573,1075493.5,1,5,0,0,0
628,629,1076414,1077345.5,0,11,0,0,0
629,630,1078277,1079212.0,3,4,0,0,0
630,631,1080147,1081043.0,4,1,2,0,0
631,632,1081939,1082848.5,0,1,0,0,0
632,633,1083758,1084714.0,2,8,0,0,0
633,634,1085670,1086571.5,0,0,0,0,0
634,635,1087473,1088385.5,0,0,0,0,0
635,636,1089298,1090214.0,0,0,0,0,0
636,637,1091130,1092033.5,1,2,1,0,0
637,638,1092937,1093864.5,0,0,0,0,0
638,639,1094792,1095725.5,0,0,0,0,0
639,640,1096659,1097618.5,1,0,2,0,0
640,641,1098578,1099553.5,3,0,8,0,0
641,642,1100529,1101534.5,5,0,2,0,0
642,643,1102540,1103470.0,1,0,0,0,0
643,644,1104400,1105282.5,0,0,0,0,0
644,645,1106165,1107016.0,0,0,0,0,0
645,646,1107867,1108648.0,0,0,0,0,0
646,647,1109429,1110284.5,3,0,0,0,0
647,648,1111140,1111934.0,0,0,0,0,0
648,649,1112728,1113616.0,0,0,0,0,0
649,650,1114504,1115414.5,2,1,0,0,0
650,651,1116325,1117209.5,1,0,0,0,0
651,652,1118094,1118979.5,0,0,0,0,1
652,653,1119865,1120725.5,0,0,0,1,0
653,654,1121586,1122390.0,0,0,0,0,0
654,655,1123194,1124033.5,0,0,0,0,0
655,656,1124873,1125687.0,0,0,0,0,0
656,657,1126501,1127339.0,5,1,0,0,0
657,658,1128177,1128949.0,0,0,0,0,0
658,659,1129721,1130544.5,0,0,0,0,0
659,660,1131368,1132191.0,0,0,0,0,0
660,661,1133014,1133822.0,0,0,0,0,0
661,662,1134630,1135510.5,0,0,0,0,0
662,663,1136391,1137236.0,0,0,0,0,0
663,664,1138081,1138893.0,0,0,0,0,0
664,665,1139705,1140493.5,0,0,0,0,0
665,666,1141282,1142102.5,0,0,0,0,0
666,667,1142923,1143752.5,0,0,0,0,0
667,668,1144582,1145399.0,0,0,0,0,0
668,669,1146216,1147024.5,0,0,0,0,0
669,670,1147833,1148652.0,0,0,0,0,0
670,671,1149471,1150346.0,4,0,0,0,0
671,672,1151221,1151984.0,0,0,0,0,0
672,673,1152747,1153552.5,0,0,0,0,0
673,674,1154358,1155115.0,0,0,0,0,0
674,675,1155872,1156653.5,0,0,0,0,0
675,676,1157435,1158245.0,0,0,0,0,0
676,677,1159055,1159900.0,0,0,0,0,0
677,678,1160745,1161615.5,1,0,0,0,0
678,679,1162486,1163338.5,0,0,0,0,0
679,680,1164191,1165047.0,1,0,0,0,0
680,681,1165903,1166771.5,0,0,0,0,0
681,682,1167640,1168482.5,0,0,0,0,0
682,683,1169325,1170155.5,4,1,0,0,0
683,684,1170986,1171833.5,10,0,0,0,0
684,685,1172681,1173527.5,3,0,0,0,0
685,686,1174374,1175210.0,5,0,0,0,0
686,687,1176046,1176896.5,6,0,0,0,0
687,688,1177747,1178599.5,4,0,0,0,0
688,689,1179452,1180293.5,5,0,0,0,0
689,690,1181135,1181993.0,9,0,0,0,0
690,691,1182851,1183731.0,3,6,0,0,0
691,692,1184611,1185426.5,2,6,0,0,0
692,693,1186242,1187098.5,1,6,0,0,0
693,694,1187955,1188843.5,2,4,0,0,0
694,695,1189732,1190609.5,1,3,0,0,0
695,696,1191487,1192331.5,0,3,0,0,0
696,697,1193176,1194020.5,0,0,1,0,0
697,698,1194865,1195659.5,0,0,0,0,0
698,699,1196454,1197298.0,0,2,0,0,0
699,700,1198142,1198981.5,1,3,0,0,0
700,701,1199821,1200632.0,3,1,0,0,0
701,702,1201443,1202275.5,5,5,0,0,0
702,703,1203108,1203959.0,1,5,0,0,0
703,704,1204810,1205643.5,2,2,0,0,0
704,705,1206477,1207315.5,3,5,0,0,0
705,706,1208154,1208998.5,2,5,0,0,0
706,707,1209843,1210651.0,0,6,0,0,0
707,708,1211459,1212293.0,5,2,0,0,0
708,709,1213127,1213991.0,0,5,0,0,0
709,710,1214855,1215726.5,2,4,0,0,0
710,711,1216598,1217456.5,3,4,0,0,0
711,712,1218315,1219164.0,2,2,0,0,0
712,713,1220013,1220893.5,7,7,0,0,0
713,714,1221774,1222651.0,5,5,0,0,0
714,715,1223528,1224417.5,9,1,0,0,0
715,716,1225307,1226163.0,2,2,0,0,0
716,717,1227019,1227928.5,0,3,0,0,0
717,718,1228838,1229699.5,0,1,0,0,0
718,719,1230561,1231401.0,0,1,0,0,0
719,720,1232241,1233083.5,2,0,0,0,0
720,721,1233926,1234816.5,0,0,0,0,0
721,722,1235707,1236535.5,0,0,0,0,0
722,723,1237364,1238218.5,0,0,0,0,0
723,724,1239073,1239977.5,0,0,0,0,0
724,725,1240882,1241730.0,0,0,0,0,0
725,726,1242578,1243408.5,0,0,0,0,0
726,727,1244239,1245072.0,0,0,0,0,0
727,728,1245905,1246811.0,0,0,0,0,0
728,729,1247717,1248570.0,0,0,0,0,0
729,730,1249423,1250207.0,0,0,0,0,0
730,731,1250991,1251834.0,5,2,0,0,0
731,732,1252677,1253564.5,7,0,0,0,0
732,733,1254452,1255313.5,3,1,0,0,0
733,734,1256175,1257009.0,2,0,0,0,0
734,735,1257843,1258713.5,3,1,0,0,0
735,736,1259584,1260442.0,7,0,0,0,0
736,737,1261300,1262192.5,5,1,0,0,0
737,738,1263085,1263974.5,1,1,0,0,0
738,739,1264864,1265722.0,0,0,0,0,0
739,740,1266580,1267431.0,0,0,0,0,0
740,741,1268282,1269117.5,0,0,0,0,0
741,742,1269953,1270848.0,0,1,0,0,0
742,743,1271743,1272668.5,0,1,0,0,0
743,744,1273594,1274439.5,0,1,0,0,0
744,745,1275285,1276169.0,4,0,0,0,0
745,746,1277053,1277915.5,1,3,0,0,0
746,747,1278778,1279640.5,0,4,0,0,0
747,748,1280503,1281372.5,3,2,0,0,0
748,749,1282242,1283092.5,4,0,0,0,0
749,750,1283943,1284828.0,7,1,0,0,0
750,751,1285713,1286606.0,5,2,2,0,0
751,752,1287499,1288333.0,1,0,1,0,0
752,753,1289167,1290003.0,0,0,0,0,0
753,754,1290839,1291632.5,0,0,0,0,0
754,755,1292426,1293236.0,0,0,0,0,0
755,756,1294046,1294881.5,0,0,0,0,0
756,757,1295717,1296547.0,0,0,0,0,0
757,758,1297377,1298158.5,0,0,0,0,0
758,759,1298940,1299775.5,0,0,0,0,0
759,760,1300611,1301412.5,0,0,0,0,0
760,761,1302214,1303039.0,1,1,0,0,0
761,762,1303864,1304730.5,0,0,0,0,0
762,763,1305597,1306452.0,0,0,1,0,0
763,764,1307307,1308207.0,1,0,1,0,0
764,765,1309107,1309990.5,1,0,0,0,0
765,766,1310874,1311798.0,1,0,1,0,0
766,767,1312722,1313597.5,1,0,0,0,0
767,768,1314473,1315308.0,1,0,0,0,0
768,769,1316143,1317017.0,0,0,2,0,0
769,770,1317891,1318751.0,2,0,1,0,0
770,771,1319611,1320476.0,2,0,0,0,0
771,772,1321341,1322220.0,1,0,0,0,0
772,773,1323099,1323975.5,0,0,0,0,1
773,774,1324852,1325740.0,0,0,0,0,3
774,775,1326628,1327481.0,0,0,0,0,0
775,776,1328334,1329189.0,0,0,0,0,0
776,777,1330044,1330925.0,0,0,0,0,0
777,778,1331806,1332671.5,0,0,0,0,0
778,779,1333537,1334395.5,0,0,0,0,0
779,780,1335254,1336129.5,0,0,0,0,1
780,781,1337005,1337900.0,0,0,0,0,0
781,782,1338795,1339620.0,0,0,0,0,0
782,783,1340445,1341304.0,0,0,0,0,0
783,784,1342163,1343043.0,0,0,0,0,0
784,785,1343923,1344777.0,0,1,0,2,0
785,786,1345631,1346489.5,0,0,0,0,1
786,787,1347348,1348216.0,0,0,0,0,0
787,788,1349084,1349956.0,0,0,0,0,1
788,789,1350828,1351699.0,0,1,0,0,0
789,790,1352570,1353401.0,0,0,0,0,0
790,791,1354232,1355094.5,0,0,0,1,1
791,792,1355957,1356821.5,0,0,0,0,0
792,793,1357686,1358538.5,0,0,0,0,0
793,794,1359391,1360223.5,0,0,0,0,0
794,795,1361056,1361915.5,0,0,1,0,0
795,796,1362775,1363633.5,1,1,0,0,0
796,797,1364492,1365339.0,0,1,0,0,0
797,798,1366186,1367023.5,0,1,0,0,0
798,799,1367861,1368690.0,1,1,0,0,0
799,800,1369519,1370407.5,2,6,0,0,0
800,801,1371296,1372192.5,1,7,0,0,0
801,802,1373089,1373937.5,0,0,0,0,0
802,803,1374786,1375655.0,3,0,0,0,0
803,804,1376524,1377353.0,0,0,0,0,0
804,805,1378182,1379039.0,0,0,0,0,0
805,806,1379896,1380759.5,1,2,2,0,0
806,807,1381623,1382537.0,3,0,4,0,0
807,808,1383451,1384332.5,0,0,0,0,0
808,809,1385214,1386114.5,8,0,0,0,0
809,810,1387015,1387927.0,4,0,2,0,0
810,811,1388839,1389743.0,7,0,0,0,0
811,812,1390647,1391537.5,4,0,1,0,0
812,813,1392428,1393348.5,7,0,2,0,0
813,814,1394269,1395134.0,5,0,1,0,0
814,815,1395999,1396897.5,6,0,2,0,0
815,816,1397796,1398656.5,2,0,1,0,0
816,817,1399517,1400390.5,1,0,0,0,0
817,818,1401264,1402130.0,2,0,0,0,0
818,819,1402996,1403890.5,1,0,0,0,0
819,820,1404785,1405644.5,0,0,0,0,0
820,821,1406504,1407350.5,0,0,0,0,0
821,822,1408197,1409060.5,0,0,1,0,2
822,823,1409924,1410908.5,0,0,0,0,2
823,824,1411893,1412780.5,1,0,1,0,0
824,825,1413668,1414576.0,0,0,0,0,0
825,826,1415484,1416377.5,0,0,0,0,0
826,827,1417271,1418237.5,0,0,0,0,0
827,828,1419204,1420165.5,0,0,0,0,0
828,829,1421127,1422018.5,0,0,0,0,0
829,830,1422910,1423798.0,0,0,0,0,0
830,831,1424686,1425600.5,0,0,0,0,2
831,832,1426515,1427479.5,0,0,0,0,2
832,833,1428444,1429334.0,0,0,0,0,0
833,834,1430224,1431121.0,0,0,0,0,0
834,835,1432018,1432877.0,0,0,0,0,0
835,836,1433736,1434676.0,0,0,0,0,0
836,837,1435616,1436519.5,0,0,0,0,0
837,838,1437423,1438308.0,0,0,0,0,1
838,839,1439193,1440155.5,0,0,0,0,0
839,840,1441118,1442035.5,0,0,0,0,0
840,841,1442953,1443938.0,0,0,0,0,0
841,842,1444923,1445858.0,0,0,0,0,0
842,843,1446793,1447726.5,0,0,1,1,0
843,844,1448660,1449635.5,1,0,1,0,0
844,845,1450611,1451509.5,2,0,0,0,6
845,846,1452408,1453373.0,1,0,0,0,5
846,847,1454338,1455303.0,0,0,0,0,0
847,848,1456268,1457208.0,0,0,0,0,0
848,849,1458148,1459083.5,0,0,0,0,0
849,850,1460019,1460943.5,0,0,0,0,0
850,851,1461868,1462775.5,0,0,0,0,1
851,852,1463683,1464554.0,0,0,0,0,0
852,853,1465425,1466369.5,0,0,0,0,0
853,854,1467314,1468214.5,0,0,0,0,0
854,855,1469115,1470000.5,0,0,1,0,0
855,856,1470886,1471750.5,0,1,0,0,1
856,857,1472615,1473428.5,0,0,1,0,0
857,858,1474242,1475064.5,0,0,1,0,0
858,859,1475887,1476697.5,2,0,1,0,0
859,860,1477508,1478379.5,0,0,2,0,0
860,861,1479251,1480109.5,1,0,1,0,1
861,862,1480968,1481869.0,0,0,0,1,1
862,863,1482770,1483604.5,0,0,2,0,0
863,864,1484439,1485301.0,0,0,1,0,1
864,865,1486163,1487056.0,1,0,2,0,0
865,866,1487949,1488840.0,0,0,3,0,0
866,867,1489731,1490630.0,0,0,2,0,0
867,868,1491529,1492419.5,1,0,2,0,2
868,869,1493310,1494274.0,0,0,0,0,0
869,870,1495238,1496127.0,1,0,2,0,0
870,871,1497016,1497949.5,1,0,0,0,0
871,872,1498883,1499761.5,0,0,2,0,1
872,873,1500640,1501500.0,0,0,0,0,0
873,874,1502360,1503228.5,0,0,0,0,0
874,875,1504097,1505045.5,0,0,0,0,0
875,876,1505994,1506881.0,0,0,0,0,0
876,877,1507768,1508652.5,0,0,1,0,0
877,878,1509537,1510440.0,0,0,0,0,0
878,879,1511343,1512195.0,0,0,1,0,0
879,880,1513047,1513887.0,0,1,1,0,0
880,881,1514727,1515604.0,0,0,1,0,0
881,882,1516481,1517365.5,0,0,0,0,0
882,883,1518250,1519121.0,0,0,1,0,0
883,884,1519992,1520943.0,0,0,0,0,0
884,885,1521894,1522811.0,0,0,1,0,0
885,886,1523728,1524605.5,0,0,1,0,0
886,887,1525483,1526376.5,0,0,0,0,0
887,888,1527270,1528122.5,0,0,0,0,0
888,889,1528975,1529820.0,0,0,0,0,0
889,890,1530665,1531542.0,0,0,0,0,0
890,891,1532419,1533279.0,0,0,0,0,0
891,892,1534139,1534984.0,0,0,0,0,0
892,893,1535829,1536671.0,0,0,0,0,0
893,894,1537513,1538386.5,0,0,0,0,0
894,895,1539260,1540100.5,0,0,0,0,0
895,896,1540941,1541834.5,0,0,0,0,0
896,897,1542728,1543600.5,0,0,0,0,0
897,898,1544473,1545274.0,0,0,0,0,0
898,899,1546075,1546890.0,0,0,0,0,0
899,900,1547705,1548613.0,0,0,1,0,0
900,901,1549521,1550453.5,1,0,0,0,0
901,902,1551386,1552246.0,0,0,0,0,0
902,903,1553106,1553978.5,0,0,0,0,0
903,904,1554851,1555768.0,0,0,3,0,0
904,905,1556685,1557599.5,0,0,1,0,0
905,906,1558514,1559435.5,0,0,0,0,0
906,907,1560357,1561239.0,0,0,0,0,0
907,908,1562121,1563003.0,0,0,2,0,0
908,909,1563885,1564816.5,0,0,0,0,0
909,910,1565748,1566754.5,0,0,0,0,0
910,911,1567761,1568689.0,0,0,0,0,0
911,912,1569617,1570529.0,0,0,0,0,0
912,913,1571441,1572353.5,0,0,0,0,0
913,914,1573266,1574139.5,0,0,0,0,1
914,915,1575013,1575944.0,0,0,0,0,2
915,916,1576875,1577789.0,0,0,0,0,1
916,917,1578703,1579568.5,0,0,0,0,0
917,918,1580434,1581354.5,0,0,0,0,0
918,919,1582275,1583170.5,0,0,2,0,0
919,920,1584066,1585029.5,0,0,2,1,1
920,921,1585993,1586872.5,0,0,1,0,0
921,922,1587752,1588679.5,0,0,0,0,0
922,923,1589607,1590479.0,0,0,1,0,0
923,924,1591351,1592224.5,0,0,1,0,0
924,925,1593098,1593975.5,0,0,0,0,0
925,926,1594853,1595765.5,0,0,2,0,0
926,927,1596678,1597603.0,0,0,0,0,0
927,928,1598528,1599453.5,0,0,0,0,0
928,929,1600379,1601275.5,0,0,0,0,0
929,930,1602172,1603067.5,0,0,0,0,0
930,931,1603963,1604886.5,0,0,0,0,0
931,932,1605810,1606719.5,0,0,0,0,0
932,933,1607629,1608527.0,0,0,0,0,0
933,934,1609425,1610322.5,0,0,0,0,0
934,935,1611220,1612117.0,0,0,0,0,0
935,936,1613014,1613939.0,0,0,1,0,0
936,937,1614864,1615757.0,0,0,1,0,0
937,938,1616650,1617558.0,0,0,0,0,0
938,939,1618466,1619311.0,0,0,0,0,0
939,940,1620156,1621045.0,0,0,1,0,0
940,941,1621934,1622843.0,0,2,0,0,0
941,942,1623752,1624708.0,0,0,0,0,0
942,943,1625664,1626542.0,0,0,0,0,0
943,944,1627420,1628355.5,0,0,0,0,0
944,945,1629291,1630185.0,0,0,0,0,0
945,946,1631079,1631982.0,0,0,0,0,0
946,947,1632885,1633804.0,0,0,0,0,0
947,948,1634723,1635635.5,0,0,0,0,0
948,949,1636548,1637421.5,0,0,0,0,0
949,950,1638295,1639189.0,0,0,0,0,0
950,951,1640083,1641024.5,0,0,0,0,0
951,952,1641966,1642913.5,0,0,0,0,0
952,953,1643861,1644734.0,0,0,0,0,0
953,954,1645607,1646521.0,1,0,0,0,0
954,955,1647435,1648317.0,1,0,1,0,0
955,956,1649199,1650058.0,0,0,0,0,0
956,957,1650917,1651780.0,0,0,1,0,0
957,958,1652643,1653499.5,0,0,0,0,2
958,959,1654356,1655245.0,0,0,0,0,0
959,960,1656134,1656992.5,0,0,0,0,0
960,961,1657851,1658792.0,0,0,0,0,0
961,962,1659733,1660622.0,0,0,2,0,0
962,963,1661511,1662348.0,0,0,1,0,0
963,964,1663185,1664047.5,2,0,0,1,0
964,965,1664910,1665738.5,2,0,0,0,0
965,966,1666567,1667407.0,0,0,0,0,0
966,967,1668247,1669035.0,1,0,0,0,0
967,968,1669823,1670664.5,0,0,0,0,0
968,969,1671506,1672350.0,0,0,0,0,0
969,970,1673194,1674011.5,0,0,0,0,0
970,971,1674829,1675726.5,0,0,2,0,0
971,972,1676624,1677514.5,0,0,3,0,0
972,973,1678405,1679317.5,0,0,0,0,0
973,974,1680230,1681151.5,0,0,2,0,0
974,975,1682073,1682979.0,0,0,0,0,0
975,976,1683885,1684798.0,0,0,0,0,0
976,977,1685711,1686593.5,0,0,0,0,1
977,978,1687476,1688404.5,0,0,0,0,0
978,979,1689333,1690204.5,0,0,0,0,1
979,980,1691076,1691910.0,0,0,0,0,1
980,981,1692744,1693638.5,1,0,0,0,1
981,982,1694533,1695449.0,0,0,2,0,0
982,983,1696365,1697273.5,0,0,1,0,0
983,984,1698182,1699096.5,0,0,0,0,0
984,985,1700011,1700881.0,0,0,0,0,0
985,986,1701751,1702617.5,0,0,1,0,0
986,987,1703484,1704359.5,0,0,0,0,0
987,988,1705235,1706146.5,0,0,0,0,4
988,989,1707058,1707943.0,0,0,1,0,0
989,990,1708828,1709692.0,0,0,1,0,1
990,991,1710556,1711449.0,0,0,1,0,0
991,992,1712342,1713262.0,0,0,1,0,0
992,993,1714182,1715061.5,0,0,1,0,0
993,994,1715941,1716767.5,0,0,0,0,0
994,995,1717594,1718434.5,0,0,1,0,0
995,996,1719275,1720172.0,0,0,1,0,0
996,997,1721069,1721957.0,0,0,0,0,0
997,998,1722845,1723753.5,0,0,0,0,0
998,999,1724662,1725508.0,0,0,0,0,0
999,1000,1726354,1727265.5,0,0,0,0,0
1000,1001,1728177,1729099.0,0,0,0,0,0
1001,1002,1730021,1730941.5,0,0,0,0,0
1002,1003,1731862,1732765.0,0,0,2,0,0
1003,1004,1733668,1734626.0,0,0,1,0,0
1004,1005,1735584,1736551.5,0,0,0,0,0
1005,1006,1737519,1738397.0,0,0,0,0,0
1006,1007,1739275,1740184.0,0,0,0,0,0
1007,1008,1741093,1741988.5,0,0,0,0,0
1008,1009,1742884,1743754.5,0,0,0,0,0
1009,1010,1744625,1745499.0,0,0,0,0,0
1010,1011,1746373,1747267.0,0,0,0,0,0
1011,1012,1748161,1749086.0,0,0,0,0,0
1012,1013,1750011,1750923.0,0,0,0,0,0
1013,1014,1751835,1752790.5,0,0,0,0,0
1014,1015,1753746,1754606.0,0,0,1,0,0
1015,1016,1755466,1756381.0,0,0,1,0,0
1016,1017,1757296,1758203.5,0,0,2,0,0
1017,1018,1759111,1760047.5,0,0,0,0,0
1018,1019,1760984,1761897.5,0,0,0,0,0
1019,1020,1762811,1763753.0,0,0,0,0,0
1020,1021,1764695,1765638.0,0,0,0,0,0
1021,1022,1766581,1767468.0,0,0,0,0,0
1022,1023,1768355,1769266.0,0,0,0,0,0
1023,1024,1770177,1771093.0,0,0,0,0,0
1024,1025,1772009,1772899.5,0,0,0,0,0
1025,1026,1773790,1774637.0,0,0,0,0,0
1026,1027,1775484,1776401.5,0,0,1,0,0
1027,1028,1777319,1778203.5,0,0,0,0,0
1028,1029,1779088,1779986.5,0,0,2,0,0
1029,1030,1780885,1781809.0,1,2,1,0,2
1030,1031,1782733,1783633.5,0,0,2,0,0
1031,1032,1784534,1785400.0,0,0,1,0,0
1032,1033,1786266,1787179.5,0,0,1,0,0
1033,1034,1788093,1788933.5,0,0,0,0,0
1034,1035,1789774,1790594.5,0,0,2,0,0
1035,1036,1791415,1792266.5,1,0,0,0,0
1036,1037,1793118,1794001.0,1,0,0,0,2
1037,1038,1794884,1795791.0,0,0,0,0,0
1038,1039,1796698,1797596.0,0,0,0,0,0
1039,1040,1798494,1799390.0,0,0,2,0,0
1040,1041,1800286,1801187.0,0,0,1,0,0
1041,1042,1802088,1803036.0,1,0,2,0,1
1042,1043,1803984,1804902.0,0,0,0,0,0
1043,1044,1805820,1806725.5,0,0,0,0,0
1044,1045,1807631,1808591.0,0,0,0,0,0
1045,1046,1809551,1810513.5,0,0,2,0,0
1046,1047,1811476,1812343.0,0,0,3,0,0
1047,1048,1813210,1814113.5,0,0,1,0,0
1048,1049,1815017,1815888.0,0,0,0,0,0
1049,1050,1816759,1817628.5,0,0,0,0,0
1050,1051,1818498,1819402.0,0,0,3,0,0
1051,1052,1820306,1821182.5,0,0,0,0,0
1052,1053,1822059,1822952.5,0,0,1,0,0
1053,1054,1823846,1824720.0,0,0,0,0,0
1054,1055,1825594,1826498.0,0,0,0,0,0
1055,1056,1827402,1828240.0,0,0,0,0,0
1056,1057,1829078,1829960.0,0,0,1,0,0
1057,1058,1830842,1831747.5,0,0,1,0,0
1058,1059,1832653,1833545.5,0,0,0,0,0
1059,1060,1834438,1835372.5,0,0,1,0,0
1060,1061,1836307,1837199.5,0,0,0,1,0
1061,1062,1838092,1839027.5,0,0,1,0,0
1062,1063,1839963,1840875.0,0,0,0,0,0
1063,1064,1841787,1842737.5,0,0,0,0,0
1064,1065,1843688,1844615.5,0,0,0,0,0
1065,1066,1845543,1846522.0,0,0,0,0,0
1066,1067,1847501,1848347.5,0,0,0,0,0
1067,1068,1849194,1850074.5,0,0,2,0,0
1068,1069,1850955,1851863.0,0,0,0,0,0
1069,1070,1852771,1853649.0,0,0,0,0,0
1070,1071,1854527,1855430.5,0,0,0,0,0
1071,1072,1856334,1857198.0,0,0,0,0,0
1072,1073,1858062,1858933.0,0,0,0,0,0
1073,1074,1859804,1860669.5,0,0,0,0,0
1074,1075,1861535,1862464.5,0,0,0,0,0
1075,1076,1863394,1864321.5,0,0,2,0,0
1076,1077,1865249,1866140.5,0,0,0,0,0
1077,1078,1867032,1867967.5,0,0,1,0,0
1078,1079,1868903,1869772.0,0,0,0,0,1
1079,1080,1870641,1871568.5,0,0,0,0,0
1080,1081,1872496,1873378.5,0,0,0,0,1
1081,1082,1874261,1875234.5,0,0,1,0,0
1082,1083,1876208,1877173.0,0,0,0,0,0
1083,1084,1878138,1879074.0,0,0,0,0,0
1084,1085,1880010,1880902.5,0,0,1,0,0
1085,1086,1881795,1882652.5,0,0,1,0,0
1086,1087,1883510,1884379.0,0,0,0,0,0
1087,1088,1885248,1886126.5,0,0,0,0,0
1088,1089,1887005,1887861.0,0,0,0,0,0
1089,1090,1888717,1889535.0,0,0,1,0,0
1090,1091,1890353,1891226.0,0,0,2,0,0
1091,1092,1892099,1892983.5,0,0,0,0,0
1092,1093,1893868,1894736.0,0,0,0,0,0
1093,1094,1895604,1896503.0,0,0,0,0,0
1094,1095,1897402,1898258.0,0,0,1,0,0
1095,1096,1899114,1899986.0,0,0,0,3,0
1096,1097,1900858,1901743.5,0,0,0,0,0
1097,1098,1902629,1903456.5,0,0,0,0,0
1098,1099,1904284,1905138.0,0,0,1,0,0
1099,1100,1905992,1906928.0,0,0,0,0,0
1100,1101,1907864,1908724.0,0,0,1,0,0
1101,1102,1909584,1910495.5,0,0,0,0,0
1102,1103,1911407,1912349.0,0,0,0,0,0
1103,1104,1913291,1914207.0,0,0,0,0,0
1104,1105,1915123,1916060.5,0,0,2,0,0
1105,1106,1916998,1917935.0,0,0,2,0,0
1106,1107,1918872,1919776.5,0,0,0,2,0
1107,1108,1920681,1921599.5,0,1,0,0,0
1108,1109,1922518,1923455.0,1,0,2,0,0
1109,1110,1924392,1925263.5,0,0,0,0,0
1110,1111,1926135,1927006.5,0,0,0,0,0
1111,1112,1927878,1928759.0,1,0,0,0,0
1112,1113,1929640,1930546.5,0,0,0,0,2
1113,1114,1931453,1932331.0,1,0,0,1,1
1114,1115,1933209,1934150.0,0,0,0,1,0
1115,1116,1935091,1936002.5,0,0,1,0,0
1116,1117,1936914,1937815.5,0,0,0,0,0
1117,1118,1938717,1939602.0,0,0,1,0,0
1118,1119,1940487,1941350.5,0,0,1,0,0
1119,1120,1942214,1943124.5,0,0,0,0,0
1120,1121,1944035,1944951.0,0,0,0,2,0
1121,1122,1945867,1946767.5,0,0,1,0,0
1122,1123,1947668,1948552.5,0,1,2,0,0
1123,1124,1949437,1950334.5,2,0,3,0,0
1124,1125,1951232,1952107.0,0,0,0,0,0
1125,1126,1952982,1953844.5,0,0,0,0,0
1126,1127,1954707,1955561.0,0,0,1,0,0
1127,1128,1956415,1957284.0,0,0,0,0,0
1128,1129,1958153,1959051.0,0,0,0,0,1
1129,1130,1959949,1960846.5,0,0,2,0,1
1130,1131,1961744,1962621.0,1,0,1,0,0
1131,1132,1963498,1964346.5,0,0,1,0,0
1132,1133,1965195,1966023.5,0,0,1,0,0
1133,1134,1966852,1967732.5,0,0,2,0,0
1134,1135,1968613,1969444.5,0,0,0,0,0
1135,1136,1970276,1971133.0,0,1,0,0,0
1136,1137,1971990,1972853.0,0,3,2,0,0
1137,1138,1973716,1974652.5,0,0,0,0,0
1138,1139,1975589,1976459.0,0,0,1,0,0
1139,1140,1977329,1978202.5,0,0,1,0,0
1140,1141,1979076,1979969.5,0,0,0,0,0
1141,1142,1980863,1981740.5,0,0,2,0,0
1142,1143,1982618,1983528.0,0,0,2,0,0
1143,1144,1984438,1985300.0,0,0,1,0,0
1144,1145,1986162,1986992.0,0,0,3,0,0
1145,1146,1987822,1988677.5,0,0,2,0,0
1146,1147,1989533,1990454.0,0,0,0,0,0
1147,1148,1991375,1992271.5,0,0,2,1,0
1148,1149,1993168,1994035.0,0,0,1,0,0
1149,1150,1994902,1995773.5,0,0,1,0,0
1150,1151,1996645,1997536.0,0,0,2,0,0
1151,1152,1998427,1999281.0,0,0,0,0,0
1152,1153,2000135,2000976.0,0,0,1,0,0
1153,1154,2001817,2002689.5,0,0,1,0,0
1154,1155,2003562,2004487.0,0,0,1,0,0
1155,1156,2005412,2006256.5,0,0,0,0,0
1156,1157,2007101,2008017.5,1,0,2,0,0
1157,1158,2008934,2009902.5,0,0,0,0,0
1158,1159,2010871,2011850.5,0,0,1,0,0
1159,1160,2012830,2013705.5,0,0,0,0,1
1160,1161,2014581,2015491.5,0,0,0,0,1
1161,1162,2016402,2017303.0,0,0,0,0,1
1162,1163,2018204,2019042.0,0,0,0,0,2
1163,1164,2019880,2020786.5,0,0,0,1,0
1164,1165,2021693,2022535.0,0,0,0,0,0
1165,1166,2023377,2024279.5,0,0,2,0,0
1166,1167,2025182,2026068.0,0,1,0,0,1
1167,1168,2026954,2027829.5,0,0,0,1,0
1168,1169,2028705,2029576.5,0,1,0,0,0
1169,1170,2030448,2031296.5,0,3,1,0,0
1170,1171,2032145,2033048.0,1,0,0,0,0
1171,1172,2033951,2034876.5,0,0,0,0,1
1172,1173,2035802,2036693.0,0,0,1,0,0
1173,1174,2037584,2038457.0,0,0,0,0,0
1174,1175,2039330,2040138.0,1,0,0,0,1
1175,1176,2040946,2041756.5,0,0,0,0,1
1176,1177,2042567,2043419.5,0,0,1,0,0
1177,1178,2044272,2045095.5,0,0,1,0,0
1178,1179,2045919,2046795.0,1,0,3,0,0
1179,1180,2047671,2048511.5,0,0,1,0,0
1180,1181,2049352,2050231.0,0,0,0,0,1
1181,1182,2051110,2051947.5,0,0,0,0,0
1182,1183,2052785,2053689.0,0,0,0,0,1
1183,1184,2054593,2055474.5,0,0,1,0,0
1184,1185,2056356,2057192.0,2,0,0,0,1
1185,1186,2058028,2058871.5,0,0,2,3,0
1186,1187,2059715,2060600.5,0,0,0,4,0
1187,1188,2061486,2062357.5,0,0,0,1,0
1188,1189,2063229,2064092.5,0,0,0,0,1
1189,1190,2064956,2065815.0,0,0,0,0,0
1190,1191,2066674,2067556.0,0,0,0,0,0
1191,1192,2068438,2069273.0,0,0,1,0,0
1192,1193,2070108,2070977.0,0,0,1,0,0
1193,1194,2071846,2072715.5,0,0,1,0,0
1194,1195,2073585,2074417.5,3,0,1,0,0
1195,1196,2075250,2076106.0,3,0,0,1,0
1196,1197,2076962,2077832.5,0,0,0,0,2
1197,1198,2078703,2079533.5,0,0,0,0,1
1198,1199,2080364,2081191.0,0,0,0,0,0
1199,1200,2082018,2082897.0,0,0,0,0,0
1200,1201,2083776,2084672.0,0,0,1,0,2
1201,1202,2085568,2086467.5,1,0,0,0,0
1202,1203,2087367,2088213.0,3,0,0,0,2
1203,1204,2089059,2089943.5,0,0,0,3,0
1204,1205,2090828,2091704.0,0,0,1,1,3
1205,1206,2092580,2093457.5,0,0,0,0,2
1206,1207,2094335,2095249.0,0,0,1,0,0
1207,1208,2096163,2097038.0,0,0,1,0,0
1208,1209,2097913,2098853.0,0,0,0,0,3
1209,1210,2099793,2100700.5,0,0,0,0,3
1210,1211,2101608,2102516.0,1,0,1,1,1
1211,1212,2103424,2104319.5,0,0,0,0,2
1212,1213,2105215,2106094.0,0,0,0,0,1
1213,1214,2106973,2107798.0,0,0,0,0,0
1214,1215,2108623,2109488.0,2,0,0,0,1
1215,1216,2110353,2111241.5,0,0,0,0,2
1216,1217,2112130,2112953.5,0,0,0,0,1
1217,1218,2113777,2114654.5,0,0,0,0,0
1218,1219,2115532,2116483.0,0,0,1,0,1
1219,1220,2117434,2118356.5,0,1,2,0,1
1220,1221,2119279,2120152.5,0,0,0,0,2
1221,1222,2121026,2121910.5,0,1,0,0,0
1222,1223,2122795,2123672.0,0,0,0,0,3
1223,1224,2124549,2125445.0,2,0,0,0,3
1224,1225,2126341,2127218.0,2,0,2,0,0
1225,1226,2128095,2129023.0,0,0,0,1,1
1226,1227,2129951,2130859.5,0,0,0,0,1
1227,1228,2131768,2132656.5,0,0,0,0,1
1228,1229,2133545,2134439.5,0,0,0,0,2
1229,1230,2135334,2136215.5,0,0,0,0,4
1230,1231,2137097,2137957.0,0,0,0,0,6
1231,1232,2138817,2139715.0,0,0,0,0,5
1232,1233,2140613,2141487.0,0,0,0,0,3
1233,1234,2142361,2143190.0,3,0,0,0,1
1234,1235,2144019,2144911.5,1,0,0,0,5
1235,1236,2145804,2146670.5,1,0,0,0,6
1236,1237,2147537,2148383.5,0,0,0,0,2
1237,1238,2149230,2150076.5,0,0,2,0,0
1238,1239,2150923,2151759.5,2,0,0,0,2
1239,1240,2152596,2153439.5,0,0,0,0,1
1240,1241,2154283,2155084.0,2,0,0,0,1
1241,1242,2155885,2156729.5,1,0,0,0,3
1242,1243,2157574,2158444.0,2,0,0,0,3
1243,1244,2159314,2160168.0,0,0,0,0,0
1244,1245,2161022,2161875.5,0,0,0,0,2
1245,1246,2162729,2163568.5,0,0,0,0,0
1246,1247,2164408,2165270.5,0,0,0,0,3
1247,1248,2166133,2166985.0,3,0,0,0,1
1248,1249,2167837,2168687.0,0,0,0,0,2
1249,1250,2169537,2170355.0,0,0,0,0,0
1250,1251,2171173,2172064.0,1,0,0,0,0
1251,1252,2172955,2173802.5,0,0,0,0,3
1252,1253,2174650,2175506.0,1,0,0,0,3
1253,1254,2176362,2177201.5,0,0,0,0,2
1254,1255,2178041,2178920.0,0,0,1,0,2
1255,1256,2179799,2180699.0,0,0,0,0,2
1256,1257,2181599,2182441.5,3,0,0,0,1
1257,1258,2183284,2184157.0,0,0,0,0,2
1258,1259,2185030,2185944.5,1,0,0,0,4
1259,1260,2186859,2187700.0,1,0,0,0,1
1260,1261,2188541,2189407.5,4,0,0,0,2
1261,1262,2190274,2191169.0,0,0,0,0,2
1262,1263,2192064,2192942.0,1,0,0,0,3
1263,1264,2193820,2194699.5,0,0,1,0,2
1264,1265,2195579,2196473.5,0,0,0,0,2
1265,1266,2197368,2198211.0,0,0,0,0,1
1266,1267,2199054,2199972.0,0,0,0,0,2
1267,1268,2200890,2201754.0,0,0,0,0,2
1268,1269,2202618,2203469.5,0,0,0,0,2
1269,1270,2204321,2205193.5,0,0,0,0,2
1270,1271,2206066,2206922.5,0,0,0,0,0
1271,1272,2207779,2208620.5,0,0,0,0,1
1272,1273,2209462,2210315.5,0,0,0,0,2
1273,1274,2211169,2212053.5,0,0,0,0,2
1274,1275,2212938,2213838.0,0,0,0,0,0
1275,1276,2214738,2215650.5,0,0,0,0,1
1276,1277,2216563,2217419.0,0,0,0,0,2
1277,1278,2218275,2219132.5,5,0,0,0,2
1278,1279,2219990,2220891.0,1,0,0,0,3
1279,1280,2221792,2222692.5,0,0,0,0,4
1280,1281,2223593,2224468.5,1,0,0,0,4
1281,1282,2225344,2226188.5,0,0,0,0,2
1282,1283,2227033,2227892.0,3,0,0,0,1
1283,1284,2228751,2229612.5,0,0,0,0,1
1284,1285,2230474,2231341.5,0,0,0,0,2
1285,1286,2232209,2233079.0,0,0,0,0,2
1286,1287,2233949,2234806.5,1,0,0,0,2
1287,1288,2235664,2236498.5,0,0,0,0,2
1288,1289,2237333,2238193.5,0,0,0,0,1
1289,1290,2239054,2239894.0,0,0,0,0,1
1290,1291,2240734,2241592.0,0,0,1,0,0
1291,1292,2242450,2243323.5,1,0,0,0,2
1292,1293,2244197,2245057.5,0,0,0,0,1
1293,1294,2245918,2246849.5,0,0,0,2,1
1294,1295,2247781,2248686.0,0,0,0,0,0
1295,1296,2249591,2250469.5,0,0,0,0,2
1296,1297,2251348,2252279.0,0,0,0,0,2
1297,1298,2253210,2254072.0,0,0,1,0,2
1298,1299,2254934,2255838.5,0,0,0,0,4
1299,1300,2256743,2257599.5,0,0,0,0,3
1300,1301,2258456,2259371.5,0,0,0,0,2
1301,1302,2260287,2261186.5,0,0,0,1,2
1302,1303,2262086,2262993.5,0,0,0,0,3
1303,1304,2263901,2264762.0,0,0,0,0,1
1304,1305,2265623,2266544.0,0,0,0,0,3
1305,1306,2267465,2268340.5,0,0,0,0,1
1306,1307,2269216,2270079.5,0,0,0,1,0
1307,1308,2270943,2271873.5,0,0,1,2,0
1308,1309,2272804,2273740.0,0,0,2,1,2
1309,1310,2274676,2275547.5,0,0,0,3,1
1310,1311,2276419,2277221.5,0,0,0,0,0
1311,1312,2278024,2278848.0,1,0,0,0,0
1312,1313,2279672,2280519.0,0,0,0,0,0
1313,1314,2281366,2282248.5,0,0,0,0,0
1314,1315,2283131,2284080.0,0,0,0,0,1
1315,1316,2285029,2285915.5,0,0,0,1,4
1316,1317,2286802,2287696.0,0,0,0,0,1
1317,1318,2288590,2289496.0,1,0,1,0,2
1318,1319,2290402,2291290.5,0,0,0,0,4
1319,1320,2292179,2293107.0,0,0,0,0,5
1320,1321,2294035,2294922.0,0,0,0,0,0
1321,1322,2295809,2296681.0,0,0,0,0,3
1322,1323,2297553,2298449.5,0,0,0,1,0
1323,1324,2299346,2300252.0,0,0,0,3,1
1324,1325,2301158,2302050.0,1,0,0,0,4
1325,1326,2302942,2303833.0,0,0,0,0,2
1326,1327,2304724,2305582.0,0,0,0,0,1
1327,1328,2306440,2307342.0,0,0,0,0,0
1328,1329,2308244,2309129.0,0,0,0,0,1
1329,1330,2310014,2310915.0,0,0,0,0,3
1330,1331,2311816,2312654.0,0,0,0,0,0
1331,1332,2313492,2314367.5,0,0,0,0,0
1332,1333,2315243,2316136.5,0,0,0,0,2
1333,1334,2317030,2317925.0,0,0,0,0,1
1334,1335,2318820,2319696.0,0,0,0,0,1
1335,1336,2320572,2321434.5,0,0,0,0,0
1336,1337,2322297,2323182.0,0,0,0,0,0
1337,1338,2324067,2324925.5,0,0,1,0,0
1338,1339,2325784,2326647.5,0,0,0,0,1
1339,1340,2327511,2328366.0,0,0,1,0,1
1340,1341,2329221,2330111.5,0,0,0,0,2
1341,1342,2331002,2331918.0,0,0,0,0,0
1342,1343,2332834,2333666.0,0,0,0,0,1
1343,1344,2334498,2335404.5,0,0,0,0,2
1344,1345,2336311,2337209.5,0,0,0,0,0
1345,1346,2338108,2339009.5,0,0,0,0,4
1346,1347,2339911,2340816.0,0,0,0,0,2
1347,1348,2341721,2342607.5,0,0,0,0,0
1348,1349,2343494,2344379.5,0,0,0,0,0
1349,1350,2345265,2346199.5,0,0,0,0,3
1350,1351,2347134,2347957.0,0,0,0,0,0
1351,1352,2348780,2349645.0,0,0,0,0,1
1352,1353,2350510,2351420.5,0,0,0,0,5
1353,1354,2352331,2353232.5,0,0,0,0,3
1354,1355,2354134,2355019.0,1,0,0,0,2
1355,1356,2355904,2356738.0,0,0,0,0,0
1356,1357,2357572,2358449.0,0,0,0,0,2
1357,1358,2359326,2360267.0,0,0,4,0,1
1358,1359,2361208,2362097.0,0,0,2,0,0
1359,1360,2362986,2363852.0,0,0,0,0,0
1360,1361,2364718,2365584.5,0,0,0,0,3
1361,1362,2366451,2367309.5,0,0,1,0,1
1362,1363,2368168,2369034.5,0,0,1,0,1
1363,1364,2369901,2370781.0,0,0,3,0,4
1364,1365,2371661,2372536.5,0,0,0,0,2
1365,1366,2373412,2374307.5,0,0,0,0,0
1366,1367,2375203,2376056.0,0,0,0,0,0
1367,1368,2376909,2377803.0,0,0,0,0,0
1368,1369,2378697,2379537.0,0,0,0,0,2
1369,1370,2380377,2381183.5,1,1,0,0,0
1370,1371,2381990,2382869.5,0,0,0,0,1
1371,1372,2383749,2384601.5,0,1,0,0,0
1372,1373,2385454,2386360.5,0,0,1,0,0
1373,1374,2387267,2388210.5,0,0,0,0,2
1374,1375,2389154,2390085.5,0,0,0,0,3
1375,1376,2391017,2391859.0,0,0,0,0,0
1376,1377,2392701,2393596.5,0,0,0,0,2
1377,1378,2394492,2395356.0,0,0,0,0,1
1378,1379,2396220,2397126.0,0,0,0,0,1
1379,1380,2398032,2398968.0,1,0,0,0,2
1380,1381,2399904,2400784.5,0,0,0,1,2
1381,1382,2401665,2402517.5,0,0,0,0,2
1382,1383,2403370,2404259.5,0,0,0,1,1
1383,1384,2405149,2406047.5,0,0,0,2,3
1384,1385,2406946,2407850.0,0,0,0,6,0
1385,1386,2408754,2409688.5,0,0,0,2,5
1386,1387,2410623,2411455.5,0,0,0,0,1
1387,1388,2412288,2413136.0,0,0,0,0,0
1388,1389,2413984,2414783.0,0,0,0,0,0
1389,1390,2415582,2416370.0,0,0,0,0,0
1390,1391,2417158,2417931.0,0,0,0,0,0
1391,1392,2418704,2419488.5,0,0,0,0,0
1392,1393,2420273,2421143.5,0,0,0,1,2
1393,1394,2422014,2422860.5,0,0,0,1,0
1394,1395,2423707,2424571.5,0,0,0,0,4
1395,1396,2425436,2426341.5,0,0,0,0,1
1396,1397,2427247,2428156.0,0,0,1,0,0
1397,1398,2429065,2429967.5,0,0,0,0,5
1398,1399,2430870,2431732.0,0,0,0,0,1
1399,1400,2432594,2433473.5,1,0,0,1,0
1400,1401,2434353,2435229.5,0,0,0,0,0
1401,1402,2436106,2436973.5,0,0,0,0,0
1402,1403,2437841,2438670.0,0,0,0,0,0
1403,1404,2439499,2440387.0,0,0,0,0,3
1404,1405,2441275,2442157.0,0,0,0,0,0
1405,1406,2443039,2443936.5,0,0,0,1,0
1406,1407,2444834,2445697.0,1,0,0,0,4
1407,1408,2446560,2447422.5,0,0,0,1,2
1408,1409,2448285,2449204.0,0,0,0,0,2
1409,1410,2450123,2450992.0,0,0,0,0,2
1410,1411,2451861,2452798.0,0,0,0,0,1
1411,1412,2453735,2454590.5,0,0,0,0,1
1412,1413,2455446,2456281.0,0,0,0,0,0
1413,1414,2457116,2457947.0,0,0,0,2,1
1414,1415,2458778,2459653.0,0,0,0,1,2
1415,1416,2460528,2461394.5,0,0,0,0,1
1416,1417,2462261,2463123.0,0,0,0,0,3
1417,1418,2463985,2464872.0,0,0,0,0,2
1418,1419,2465759,2466669.0,0,1,0,0,4
1419,1420,2467579,2468404.0,0,1,0,0,1
1420,1421,2469229,2470123.0,0,0,2,0,0
1421,1422,2471017,2471799.5,0,0,0,0,0
1422,1423,2472582,2473374.5,1,0,0,0,0
1423,1424,2474167,2474953.5,1,0,0,0,0
1424,1425,2475740,2476626.5,0,0,2,0,0
1425,1426,2477513,2478407.5,1,0,1,0,0
1426,1427,2479302,2480178.0,0,0,1,0,2
1427,1428,2481054,2481935.5,0,0,1,0,2
1428,1429,2482817,2483645.5,0,0,0,0,0
1429,1430,2484474,2485305.0,0,0,0,0,0
1430,1431,2486136,2486962.5,0,0,0,0,0
1431,1432,2487789,2488642.0,0,0,1,0,0
1432,1433,2489495,2490305.5,0,0,0,0,0
1433,1434,2491116,2491886.0,0,0,0,0,0
1434,1435,2492656,2493429.0,0,0,0,0,0
1435,1436,2494202,2494974.5,0,0,0,0,0
1436,1437,2495747,2496521.5,1,0,0,0,0
1437,1438,2497296,2498187.0,0,0,1,1,0
1438,1439,2499078,2499953.5,0,0,0,0,2
1439,1440,2500829,2501670.5,0,0,0,0,0
1440,1441,2502512,2503385.0,1,0,0,0,1
1441,1442,2504258,2505108.0,0,0,0,0,1
1442,1443,2505958,2506845.5,0,0,0,0,0
1443,1444,2507733,2508582.0,2,2,0,0,0
1444,1445,2509431,2510287.5,0,0,0,0,1
1445,1446,2511144,2512065.0,0,0,0,1,1
1446,1447,2512986,2513889.0,0,0,1,1,1
1447,1448,2514792,2515683.0,0,0,0,0,6
1448,1449,2516574,2517463.5,0,0,0,0,4
1449,1450,2518353,2519218.0,1,0,0,0,1
1450,1451,2520083,2520922.5,0,0,0,0,0
1451,1452,2521762,2522594.5,0,0,0,0,0
1452,1453,2523427,2524293.0,2,0,0,0,5
1453,1454,2525159,2526025.0,0,0,0,0,2
1454,1455,2526891,2527774.0,0,0,0,0,3
1455,1456,2528657,2529568.0,0,0,0,0,3
1456,1457,2530479,2531327.5,1,0,0,1,1
1457,1458,2532176,2533031.5,0,0,0,0,0
1458,1459,2533887,2534815.5,1,2,0,1,0
1459,1460,2535744,2536656.5,1,0,0,2,1
1460,1461,2537569,2538437.0,0,0,0,0,0
1461,1462,2539305,2540181.5,0,0,0,0,0
1462,1463,2541058,2541936.5,0,0,0,0,1
1463,1464,2542815,2543621.5,0,3,0,0,0
1464,1465,2544428,2545257.0,0,0,1,0,0
1465,1466,2546086,2546906.5,0,1,0,0,0
1466,1467,2547727,2548540.5,0,1,0,0,0
1467,1468,2549354,2550192.5,0,0,2,0,0
1468,1469,2551031,2551897.0,0,0,0,0,0
1469,1470,2552763,2553599.0,0,0,1,0,0
1470,1471,2554435,2555303.5,0,0,4,0,0
1471,1472,2556172,2557078.5,0,0,1,0,0
1472,1473,2557985,2558856.5,0,0,0,0,0
1473,1474,2559728,2560566.5,0,1,0,0,0
1474,1475,2561405,2562284.0,0,0,1,0,0
1475,1476,2563163,2563993.5,0,0,0,1,0
1476,1477,2564824,2565663.0,0,0,0,0,1
1477,1478,2566502,2567356.0,0,1,0,0,0
1478,1479,2568210,2569112.5,0,0,0,1,1
1479,1480,2570015,2570898.0,0,0,0,0,4
1480,1481,2571781,2572636.0,0,0,1,0,2
1481,1482,2573491,2574306.0,0,1,0,0,0
1482,1483,2575121,2575994.0,1,0,1,1,0
1483,1484,2576867,2577648.5,0,0,0,0,1
1484,1485,2578430,2579244.5,0,0,0,0,1
1485,1486,2580059,2580952.5,0,0,0,0,4
1486,1487,2581846,2582709.5,0,0,0,0,0
1487,1488,2583573,2584476.5,0,0,0,0,2
1488,1489,2585380,2586253.0,0,0,0,0,0
1489,1490,2587126,2587998.5,0,0,0,0,1
1490,1491,2588871,2589748.5,0,0,0,0,1
1491,1492,2590626,2591491.0,1,0,0,0,1
1492,1493,2592356,2593238.0,0,0,0,0,1
1493,1494,2594120,2594963.5,0,0,0,0,0
1494,1495,2595807,2596654.5,0,0,0,0,0
1495,1496,2597502,2598349.0,0,0,0,0,1
1496,1497,2599196,2600044.5,0,0,0,0,1
1497,1498,2600893,2601763.0,0,0,2,0,0
1498,1499,2602633,2603503.5,0,0,0,0,1
1499,1500,2604374,2605259.0,0,0,0,0,0
1500,1501,2606144,2606997.5,2,1,1,0,2
1501,1502,2607851,2608721.5,6,0,2,0,0
1502,1503,2609592,2610457.0,12,0,4,0,0
1503,1504,2611322,2612218.5,2,0,7,0,0
1504,1505,2613115,2613949.5,2,0,2,1,0
1505,1506,2614784,2615623.5,5,0,0,3,0
1506,1507,2616463,2617373.5,0,0,0,0,0
1507,1508,2618284,2619137.5,2,0,0,0,0
1508,1509,2619991,2620846.0,0,0,0,0,0
1509,1510,2621701,2622550.0,0,0,0,0,0
1510,1511,2623399,2624261.5,0,0,0,0,0
1511,1512,2625124,2625946.0,0,0,1,0,0
1512,1513,2626768,2627615.5,0,0,0,0,3
1513,1514,2628463,2629292.0,0,0,0,0,1
1514,1515,2630121,2630977.0,0,0,0,0,0
1515,1516,2631833,2632686.0,1,2,0,0,0
1516,1517,2633539,2634335.5,0,0,0,0,0
1517,1518,2635132,2635981.0,0,0,0,0,0
1518,1519,2636830,2637642.5,0,0,0,0,0
1519,1520,2638455,2639273.5,0,0,0,0,0
1520,1521,2640092,2640872.0,0,1,0,0,0
1521,1522,2641652,2642486.5,0,2,0,0,0
1522,1523,2643321,2644132.5,0,1,0,0,0
1523,1524,2644944,2645838.0,0,0,0,0,0
1524,1525,2646732,2647551.5,0,0,0,0,0
1525,1526,2648371,2649234.0,0,0,1,0,0
1526,1527,2650097,2650952.5,0,0,0,0,0
1527,1528,2651808,2652664.0,0,0,0,0,0
1528,1529,2653520,2654399.5,0,0,0,0,0
1529,1530,2655279,2656163.0,1,1,1,0,0
1530,1531,2657047,2657897.0,0,0,0,0,1
1531,1532,2658747,2659615.5,0,1,0,0,0
1532,1533,2660484,2661357.0,0,0,0,0,0
1533,1534,2662230,2663112.5,0,0,0,0,3
1534,1535,2663995,2664858.0,0,0,0,0,0
1535,1536,2665721,2666509.5,0,0,0,0,0
1536,1537,2667298,2668135.0,0,1,0,0,0
1537,1538,2668972,2669835.5,0,1,2,0,1
1538,1539,2670699,2671567.0,0,0,0,1,1
1539,1540,2672435,2673317.0,0,0,0,0,3
1540,1541,2674199,2675040.5,0,0,0,0,0
1541,1542,2675882,2676679.5,0,0,0,0,0
1542,1543,2677477,2678259.0,1,0,0,0,0
1543,1544,2679041,2679922.5,1,1,0,0,0
1544,1545,2680804,2681671.0,0,2,0,0,0
1545,1546,2682538,2683417.0,0,3,0,0,0
1546,1547,2684296,2685209.0,0,7,0,0,0
1547,1548,2686122,2687014.0,0,3,0,0,0
1548,1549,2687906,2688781.5,0,8,0,0,0
1549,1550,2689657,2690548.5,0,0,0,0,0
1550,1551,2691440,2692328.0,0,0,0,0,0
1551,1552,2693216,2694088.0,0,0,0,0,0
1552,1553,2694960,2695823.0,0,0,0,0,1
1553,1554,2696686,2697556.0,0,0,0,0,3
1554,1555,2698426,2699330.0,0,0,0,0,1
1555,1556,2700234,2701099.0,0,0,1,0,0
1556,1557,2701964,2702750.5,0,0,0,0,0
1557,1558,2703537,2704371.0,0,0,2,0,0
1558,1559,2705205,2706046.5,1,1,0,0,0
1559,1560,2706888,2707781.5,0,0,0,0,2
1560,1561,2708675,2709602.0,0,0,1,2,0
1561,1562,2710529,2711393.5,0,0,0,0,2
1562,1563,2712258,2713138.0,1,0,0,0,2
1563,1564,2714018,2714879.5,0,0,0,0,3
1564,1565,2715741,2716630.0,1,0,0,0,4
1565,1566,2717519,2718398.5,0,0,0,0,1
1566,1567,2719278,2720165.5,0,0,0,0,2
1567,1568,2721053,2721913.0,0,0,0,0,0
1568,1569,2722773,2723664.5,0,0,0,1,0
1569,1570,2724556,2725381.0,0,3,0,0,0
1570,1571,2726206,2727044.0,0,0,0,0,0
1571,1572,2727882,2728738.5,0,0,0,0,0
1572,1573,2729595,2730479.5,0,0,0,0,0
1573,1574,2731364,2732235.5,0,0,1,3,0
1574,1575,2733107,2733891.5,0,0,0,0,0
1575,1576,2734676,2735540.0,1,0,0,1,2
1576,1577,2736404,2737338.0,0,0,0,0,0
1577,1578,2738272,2739209.0,0,0,0,0,5
1578,1579,2740146,2740992.5,0,0,0,0,0
1579,1580,2741839,2742683.0,0,0,0,0,1
1580,1581,2743527,2744390.5,0,0,0,0,1
1581,1582,2745254,2746117.5,0,0,0,0,1
1582,1583,2746981,2747801.5,0,2,0,0,0
1583,1584,2748622,2749514.0,0,0,0,0,0
1584,1585,2750406,2751246.0,0,0,0,0,0
1585,1586,2752086,2752963.5,0,0,0,0,2
1586,1587,2753841,2754750.0,0,0,0,0,0
1587,1588,2755659,2756559.5,1,0,0,0,1
1588,1589,2757460,2758369.5,0,0,0,0,0
1589,1590,2759279,2760132.0,0,0,0,0,1
1590,1591,2760985,2761850.5,0,0,0,0,0
1591,1592,2762716,2763593.0,0,0,0,0,1
1592,1593,2764470,2765351.5,0,0,0,0,2
1593,1594,2766233,2767153.5,0,0,0,0,4
1594,1595,2768074,2768984.0,0,0,0,0,5
1595,1596,2769894,2770806.5,0,0,0,0,1
1596,1597,2771719,2772553.0,0,0,0,0,0
1597,1598,2773387,2774247.0,0,0,0,0,1
1598,1599,2775107,2775983.0,0,0,0,0,3
1599,1600,2776859,2777729.5,0,0,0,0,1
1600,1601,2778600,2779457.5,0,0,0,0,0
1601,1602,2780315,2781208.0,0,0,0,0,0
1602,1603,2782101,2782984.0,0,0,0,0,0
1603,1604,2783867,2784734.0,0,0,0,0,0
1604,1605,2785601,2786517.0,0,0,0,0,0
1605,1606,2787433,2788309.0,0,0,0,0,0
1606,1607,2789185,2790223.0,0,0,0,0,0
1607,1608,2791261,2792124.5,0,0,0,0,0
1608,1609,2792988,2793917.0,0,0,0,0,1
1609,1610,2794846,2795757.0,2,0,0,0,0
1610,1611,2796668,2797503.0,0,0,0,0,0
1611,1612,2798338,2799184.0,0,0,0,0,0
1612,1613,2800030,2800803.5,0,0,0,0,0
1613,1614,2801577,2802439.5,0,0,0,0,0
1614,1615,2803302,2804185.0,0,0,0,0,2
1615,1616,2805068,2805966.0,0,0,0,0,1
1616,1617,2806864,2807759.0,0,0,0,0,0
1617,1618,2808654,2809540.0,0,0,0,0,0
1618,1619,2810426,2811236.0,0,0,0,0,0
1619,1620,2812046,2812941.0,0,0,0,0,0
1620,1621,2813836,2814771.5,0,0,0,0,0
1621,1622,2815707,2816591.0,0,0,1,0,0
1622,1623,2817475,2818309.0,0,0,0,0,0
1623,1624,2819143,2820005.5,0,0,0,0,0
1624,1625,2820868,2821733.0,0,0,0,0,0
1625,1626,2822598,2823486.0,0,0,0,0,0
1626,1627,2824374,2825237.0,0,0,0,0,0
1627,1628,2826100,2826998.0,0,0,0,0,1
1628,1629,2827896,2828774.0,0,0,0,0,0
1629,1630,2829652,2830505.0,0,0,0,0,0
1630,1631,2831358,2832205.5,0,0,0,0,0
1631,1632,2833053,2833915.5,0,0,0,1,2
1632,1633,2834778,2835639.0,0,0,0,0,2
1633,1634,2836500,2837371.0,0,0,0,0,2
1634,1635,2838242,2839111.0,0,0,0,0,2
1635,1636,2839980,2840833.0,0,0,0,0,1
1636,1637,2841686,2842567.5,1,0,0,0,5
1637,1638,2843449,2844306.5,0,0,0,0,1
1638,1639,2845164,2845981.0,0,0,0,0,1
1639,1640,2846798,2847696.5,1,0,2,0,0
1640,1641,2848595,2849453.5,0,0,0,0,0
1641,1642,2850312,2851181.0,0,0,1,0,0
1642,1643,2852050,2852901.0,3,0,0,0,0
1643,1644,2853752,2854577.5,5,0,0,0,0
1644,1645,2855403,2856256.0,4,0,0,0,0
1645,1646,2857109,2857986.0,4,0,0,1,0
1646,1647,2858863,2859727.5,1,0,0,1,0
1647,1648,2860592,2861484.5,3,0,0,4,0
1648,1649,2862377,2863265.0,2,0,0,0,0
1649,1650,2864153,2865012.0,2,0,0,0,0
1650,1651,2865871,2866777.0,1,0,0,0,0
1651,1652,2867683,2868583.0,1,0,0,0,0
1652,1653,2869483,2870362.0,3,0,0,0,2
1653,1654,2871241,2872131.5,4,0,0,1,1
1654,1655,2873022,2873910.0,4,0,0,0,3
1655,1656,2874798,2875702.5,2,0,0,0,2
1656,1657,2876607,2877484.5,0,0,0,0,4
1657,1658,2878362,2879260.5,4,0,0,0,2
1658,1659,2880159,2881045.5,1,0,0,0,5
1659,1660,2881932,2882884.0,0,0,0,0,2
1660,1661,2883836,2884735.0,3,0,0,0,3
1661,1662,2885634,2886503.5,2,0,0,0,3
1662,1663,2887373,2888233.5,6,0,0,0,1
1663,1664,2889094,2889943.5,1,0,0,0,4
1664,1665,2890793,2891651.5,8,0,0,0,1
1665,1666,2892510,2893389.5,2,0,0,0,2
1666,1667,2894269,2895171.5,2,0,0,0,9
1667,1668,2896074,2896970.0,1,1,0,0,1
1668,1669,2897866,2898789.5,0,1,2,0,0
1669,1670,2899713,2900647.5,0,0,0,0,2
1670,1671,2901582,2902490.5,0,0,0,0,0
1671,1672,2903399,2904235.0,1,0,0,0,0
1672,1673,2905071,2905912.0,0,0,1,0,0
1673,1674,2906753,2907560.0,0,0,0,0,0
1674,1675,2908367,2909161.0,1,1,0,0,0
1675,1676,2909955,2910799.5,2,0,0,0,0
1676,1677,2911644,2912438.5,4,1,0,0,0
1677,1678,2913233,2914058.0,0,1,2,0,0
1678,1679,2914883,2915702.0,1,2,2,0,0
1679,1680,2916521,2917383.0,0,3,0,0,0
1680,1681,2918245,2919080.5,0,5,0,0,0
1681,1682,2919916,2920801.5,0,3,4,0,0
1682,1683,2921687,2922566.5,1,2,4,0,0
1683,1684,2923446,2924313.0,0,0,5,0,0
1684,1685,2925180,2926038.5,0,0,0,1,0
1685,1686,2926897,2927779.5,0,0,0,0,2
1686,1687,2928662,2929558.0,0,0,0,0,1
1687,1688,2930454,2931286.5,0,0,0,0,1
1688,1689,2932119,2932929.5,0,0,0,0,2
1689,1690,2933740,2934570.5,1,0,0,0,0
1690,1691,2935401,2936213.0,2,2,0,0,0
1691,1692,2937025,2937838.0,0,4,1,0,0
1692,1693,2938651,2939485.5,0,1,1,0,0
1693,1694,2940320,2941158.5,0,1,0,0,0
1694,1695,2941997,2942910.5,0,1,0,1,0
1695,1696,2943824,2944683.5,0,0,0,0,1
1696,1697,2945543,2946407.0,0,0,1,0,0
1697,1698,2947271,2948144.5,0,0,0,0,0
1698,1699,2949018,2949840.0,0,0,0,0,0
1699,1700,2950662,2951505.0,0,0,0,0,0
1700,1701,2952348,2953182.5,0,0,0,0,0
1701,1702,2954017,2954833.5,0,0,0,0,0
1702,1703,2955650,2956497.0,0,0,0,0,0
1703,1704,2957344,2958142.5,0,0,0,0,0
1704,1705,2958941,2959771.0,0,0,0,0,0
1705,1706,2960601,2961467.5,0,0,0,0,0
1706,1707,2962334,2963172.5,0,0,0,0,0
1707,1708,2964011,2964850.0,0,6,0,0,0
1708,1709,2965689,2966575.5,0,1,0,0,0
1709,1710,2967462,2968324.0,0,0,0,0,0
1710,1711,2969186,2970030.5,0,0,0,0,0
1711,1712,2970875,2971698.0,0,0,0,0,0
1712,1713,2972521,2973337.5,0,0,0,0,0
1713,1714,2974154,2975004.5,0,1,0,0,0
1714,1715,2975855,2976706.5,0,3,1,0,0
1715,1716,2977558,2978379.5,0,2,0,0,0
1716,1717,2979201,2980041.0,0,0,1,0,0
1717,1718,2980881,2981715.0,0,1,0,0,0
1718,1719,2982549,2983377.5,0,0,0,0,0
1719,1720,2984206,2985037.5,0,3,0,0,0
1720,1721,2985869,2986748.5,0,0,0,0,0
1721,1722,2987628,2988419.5,0,0,0,0,0
1722,1723,2989211,2990031.0,0,0,1,0,0
1723,1724,2990851,2991708.5,0,0,1,0,1
1724,1725,2992566,2993409.5,0,0,0,0,1
1725,1726,2994253,2995129.0,0,0,0,0,2
1726,1727,2996005,2996890.0,0,0,0,0,5
1727,1728,2997775,2998587.0,0,0,1,0,0
1728,1729,2999399,3000169.5,0,0,0,0,0
1729,1730,3000940,3001764.0,1,0,1,0,0
1730,1731,3002588,3003423.5,1,0,2,0,0
1731,1732,3004259,3005130.5,0,0,1,0,1
1732,1733,3006002,3006850.5,0,1,1,0,1
1733,1734,3007699,3008525.5,0,0,0,0,1
1734,1735,3009352,3010160.5,0,0,0,0,0
1735,1736,3010969,3011804.0,0,0,0,0,0
1736,1737,3012639,3013518.5,1,0,4,0,1
1737,1738,3014398,3015305.0,0,0,1,0,0
1738,1739,3016212,3017089.5,0,0,0,0,0
1739,1740,3017967,3018820.5,1,0,0,0,0
1740,1741,3019674,3020524.0,0,0,0,1,1
1741,1742,3021374,3022221.5,0,0,0,0,0
1742,1743,3023069,3023967.5,0,0,0,0,3
1743,1744,3024866,3025756.5,1,0,0,0,4
1744,1745,3026647,3027518.5,0,0,0,0,2
1745,1746,3028390,3029284.5,0,0,4,0,0
1746,1747,3030179,3031057.0,0,0,8,0,0
1747,1748,3031935,3032821.0,0,0,0,0,3
1748,1749,3033707,3034572.5,0,0,0,0,1
1749,1750,3035438,3036273.5,0,0,0,0,2
1750,1751,3037109,3037992.5,0,0,0,0,0
1751,1752,3038876,3039698.0,0,0,0,0,0
1752,1753,3040520,3041345.5,0,0,0,0,0
1753,1754,3042171,3043084.5,0,0,1,0,1
1754,1755,3043998,3044895.5,0,0,0,0,0
1755,1756,3045793,3046681.0,0,0,0,0,0
1756,1757,3047569,3048484.5,0,0,4,0,0
1757,1758,3049400,3050234.0,0,0,3,0,0
1758,1759,3051068,3051929.5,0,0,1,0,0
1759,1760,3052791,3053636.5,0,0,0,1,1
1760,1761,3054482,3055364.0,0,1,1,0,1
1761,1762,3056246,3057140.0,0,0,2,0,0
1762,1763,3058034,3058891.5,5,0,0,0,0
1763,1764,3059749,3060593.0,0,0,2,0,0
1764,1765,3061437,3062291.0,1,0,4,0,0
1765,1766,3063145,3064008.5,4,0,0,0,0
1766,1767,3064872,3065736.0,2,0,0,0,0
1767,1768,3066600,3067447.0,1,0,0,0,0
1768,1769,3068294,3069183.0,0,0,2,0,0
1769,1770,3070072,3070936.5,0,0,2,0,0
1770,1771,3071801,3072655.0,0,0,1,0,0
1771,1772,3073509,3074373.5,1,0,1,0,0
1772,1773,3075238,3076094.0,0,0,4,0,0
1773,1774,3076950,3077818.0,1,0,2,0,0
1774,1775,3078686,3079603.0,0,0,1,0,2
1775,1776,3080520,3081387.5,0,0,1,0,1
1776,1777,3082255,3083110.0,1,0,4,0,0
1777,1778,3083965,3084852.5,1,0,2,0,0
1778,1779,3085740,3086623.0,0,0,0,0,3
1779,1780,3087506,3088358.0,0,0,0,0,1
1780,1781,3089210,3090049.5,0,0,0,0,4
1781,1782,3090889,3091775.0,0,0,1,0,0
1782,1783,3092661,3093507.5,0,0,0,0,2
1783,1784,3094354,3095217.0,0,0,1,0,0
1784,1785,3096080,3096940.5,0,0,0,0,0
1785,1786,3097801,3098665.5,0,2,1,0,0
1786,1787,3099530,3100416.0,1,0,1,0,1
1787,1788,3101302,3102159.5,0,0,0,0,0
1788,1789,3103017,3103876.0,0,0,0,0,0
1789,1790,3104735,3105583.5,0,1,0,1,1
1790,1791,3106432,3107308.5,0,0,0,0,3
1791,1792,3108185,3109053.0,0,0,2,0,0
1792,1793,3109921,3110788.0,0,0,0,0,2
1793,1794,3111655,3112513.5,0,0,0,0,3
1794,1795,3113372,3114230.5,0,0,0,1,3
1795,1796,3115089,3115974.5,0,0,0,0,1
1796,1797,3116860,3117756.5,0,0,0,0,1
1797,1798,3118653,3119538.0,0,0,0,1,2
1798,1799,3120423,3121318.5,0,0,0,0,1
1799,1800,3122214,3123134.0,1,0,0,1,0
1800,1801,3124054,3124965.5,0,0,0,0,0
1801,1802,3125877,3126787.0,1,0,0,0,1
1802,1803,3127697,3128587.5,10,0,0,0,0
1803,1804,3129478,3130436.5,2,0,0,0,1
1804,1805,3131395,3132286.0,0,0,0,0,4
1805,1806,3133177,3134035.0,0,0,0,0,3
1806,1807,3134893,3135784.0,2,0,0,0,6
1807,1808,3136675,3137526.0,0,0,0,0,0
1808,1809,3138377,3139309.0,0,0,0,0,1
1809,1810,3140241,3141115.0,0,0,0,0,0
1810,1811,3141989,3142852.5,0,0,0,0,8
1811,1812,3143716,3144622.0,0,0,0,0,4
1812,1813,3145528,3146402.0,0,0,0,0,4
1813,1814,3147276,3148136.0,0,0,0,0,2
1814,1815,3148996,3149911.0,0,0,0,0,3
1815,1816,3150826,3151693.0,1,0,0,0,2
1816,1817,3152560,3153428.0,0,0,0,0,2
1817,1818,3154296,3155164.0,0,1,0,0,2
1818,1819,3156032,3156859.0,0,0,0,0,1
1819,1820,3157686,3158555.5,0,0,0,0,4
1820,1821,3159425,3160270.0,1,0,0,0,2
1821,1822,3161115,3161944.5,0,0,0,0,0
1822,1823,3162774,3163640.5,0,0,0,0,4
1823,1824,3164507,3165345.0,0,0,0,0,1
1824,1825,3166183,3167053.0,0,0,0,1,4
1825,1826,3167923,3168820.0,0,0,0,0,4
1826,1827,3169717,3170595.5,0,0,0,0,3
1827,1828,3171474,3172333.5,2,0,0,0,1
1828,1829,3173193,3174079.5,0,0,0,0,5
1829,1830,3174966,3175821.5,0,0,0,0,1
1830,1831,3176677,3177564.0,0,0,0,0,5
1831,1832,3178451,3179307.5,0,0,0,0,1
1832,1833,3180164,3181033.5,0,0,0,0,3
1833,1834,3181903,3182818.0,3,0,0,0,1
1834,1835,3183733,3184593.0,5,0,0,0,1
1835,1836,3185453,3186325.0,0,0,1,0,0
1836,1837,3187197,3188023.0,0,0,0,0,0
1837,1838,3188849,3189682.5,0,0,0,0,0
1838,1839,3190516,3191356.0,0,0,0,0,0
1839,1840,3192196,3193053.0,1,0,1,0,0
1840,1841,3193910,3194789.5,0,2,0,0,2
1841,1842,3195669,3196550.5,0,0,0,0,1
1842,1843,3197432,3198343.5,1,0,0,0,0
1843,1844,3199255,3200103.0,0,0,0,0,0
1844,1845,3200951,3201862.5,1,0,0,0,0
1845,1846,3202774,3203654.0,1,0,0,0,1
1846,1847,3204534,3205377.0,2,0,0,0,0
1847,1848,3206220,3207054.5,4,0,0,0,0
1848,1849,3207889,3208773.5,3,0,0,0,1
1849,1850,3209658,3210580.5,0,0,0,1,3
1850,1851,3211503,3212376.5,0,0,0,0,5
1851,1852,3213250,3214177.5,1,0,0,0,1
1852,1853,3215105,3215978.5,0,0,0,0,4
1853,1854,3216852,3217780.0,0,0,0,0,9
1854,1855,3218708,3219683.0,1,0,0,0,6
1855,1856,3220658,3221542.0,0,0,0,0,1
1856,1857,3222426,3223283.0,0,0,0,0,2
1857,1858,3224140,3224973.5,2,0,0,0,0
1858,1859,3225807,3226668.5,0,0,0,0,0
1859,1860,3227530,3228412.0,1,0,0,0,0
1860,1861,3229294,3230189.0,2,0,0,0,2
1861,1862,3231084,3231959.5,1,0,0,0,3
1862,1863,3232835,3233653.5,1,0,0,0,1
1863,1864,3234472,3235248.5,0,0,0,0,0
1864,1865,3236025,3236834.0,0,2,0,0,0
1865,1866,3237643,3238446.5,0,1,0,0,0
1866,1867,3239250,3240094.5,0,2,0,0,0
1867,1868,3240939,3241812.5,0,0,0,0,0
1868,1869,3242686,3243504.5,0,4,1,0,0
1869,1870,3244323,3245131.5,1,1,1,0,0
1870,1871,3245940,3246745.5,2,0,0,0,0
1871,1872,3247551,3248401.0,0,0,0,0,0
1872,1873,3249251,3250058.0,2,0,0,0,0
1873,1874,3250865,3251656.5,2,0,0,0,0
1874,1875,3252448,3253242.0,0,0,0,0,0
1875,1876,3254036,3254819.0,2,0,0,0,0
1876,1877,3255602,3256402.5,3,0,0,0,0
1877,1878,3257203,3258023.0,1,0,0,0,0
1878,1879,3258843,3259689.0,3,0,0,0,0
1879,1880,3260535,3261320.5,0,2,0,0,0
1880,1881,3262106,3262909.5,0,3,0,0,0
1881,1882,3263713,3264530.0,2,1,0,0,0
1882,1883,3265347,3266162.5,5,3,0,0,0
1883,1884,3266978,3267828.5,1,3,0,0,0
1884,1885,3268679,3269513.0,2,0,0,0,0
1885,1886,3270347,3271233.5,0,0,2,0,0
1886,1887,3272120,3272988.0,0,0,6,0,0
1887,1888,3273856,3274721.0,0,0,0,0,0
1888,1889,3275586,3276441.0,0,0,4,0,0
1889,1890,3277296,3278144.0,0,0,4,0,0
1890,1891,3278992,3279846.5,0,0,1,0,0
1891,1892,3280701,3281601.5,2,0,1,0,0
1892,1893,3282502,3283395.5,0,0,0,0,1
1893,1894,3284289,3285293.5,0,0,0,0,0
1894,1895,3286298,3287270.5,0,0,0,0,0
1895,1896,3288243,3289132.0,1,0,0,0,0
1896,1897,3290021,3290888.0,0,1,0,0,0
1897,1898,3291755,3292599.0,0,0,0,0,0
1898,1899,3293443,3294292.5,0,0,0,0,0
1899,1900,3295142,3295974.0,0,0,0,0,0
1900,1901,3296806,3297624.5,0,0,0,0,0
1901,1902,3298443,3299280.0,0,0,0,0,0
1902,1903,3300117,3300940.0,0,0,0,0,0
1903,1904,3301763,3302654.5,0,0,0,0,0
1904,1905,3303546,3304419.0,0,0,0,0,0
1905,1906,3305292,3306183.5,0,0,0,0,0
1906,1907,3307075,3307976.5,0,0,0,0,0
1907,1908,3308878,3309755.0,0,1,0,0,0
1908,1909,3310632,3311489.0,0,0,0,0,0
1909,1910,3312346,3313166.0,0,0,0,0,0
1910,1911,3313986,3314825.0,0,0,0,0,0
1911,1912,3315664,3316504.5,0,0,0,0,0
1912,1913,3317345,3318185.0,0,0,0,0,0
1913,1914,3319025,3319882.0,0,0,0,0,0
1914,1915,3320739,3321606.5,0,0,0,0,0
1915,1916,3322474,3323355.5,0,0,0,0,0
1916,1917,3324237,3325058.0,0,0,0,0,0
1917,1918,3325879,3326766.5,0,0,0,0,0
1918,1919,3327654,3328541.5,0,0,0,0,0
1919,1920,3329429,3330279.5,0,0,0,0,0
1920,1921,3331130,3331956.5,0,0,0,0,0
1921,1922,3332783,3333604.5,1,0,0,0,0
1922,1923,3334426,3335273.0,0,0,0,0,0
1923,1924,3336120,3337031.0,0,2,0,0,0
1924,1925,3337942,3338869.5,0,3,2,0,0
1925,1926,3339797,3340640.0,0,0,1,0,0
1926,1927,3341483,3342332.0,0,0,0,0,0
1927,1928,3343181,3344012.0,2,2,0,0,0
1928,1929,3344843,3345735.0,1,0,0,0,0
1929,1930,3346627,3347479.0,0,0,0,0,0
1930,1931,3348331,3349220.0,0,0,0,0,0
1931,1932,3350109,3350998.0,0,0,0,0,0
1932,1933,3351887,3352735.0,0,0,0,0,0
1933,1934,3353583,3354456.5,0,0,0,0,0
1934,1935,3355330,3356146.5,0,0,0,0,0
1935,1936,3356963,3357819.5,0,0,0,0,0
1936,1937,3358676,3359529.0,0,0,2,0,0
1937,1938,3360382,3361255.0,0,0,0,1,0
1938,1939,3362128,3363035.5,0,1,2,0,1
1939,1940,3363943,3364842.5,3,0,1,2,0
1940,1941,3365742,3366603.0,3,0,0,1,0
1941,1942,3367464,3368347.5,0,0,0,3,0
1942,1943,3369231,3370107.0,0,0,0,2,1
1943,1944,3370983,3371838.5,0,0,2,0,0
1944,1945,3372694,3373574.5,0,0,0,1,0
1945,1946,3374455,3375329.0,0,0,0,2,0
1946,1947,3376203,3377098.0,0,0,1,3,0
1947,1948,3377993,3378914.5,0,0,0,2,2
1948,1949,3379836,3380716.5,0,0,0,0,3
1949,1950,3381597,3382447.5,0,0,0,0,4
1950,1951,3383298,3384169.0,0,0,0,1,4
1951,1952,3385040,3385889.0,0,0,0,0,1
1952,1953,3386738,3387576.0,0,0,0,0,4
1953,1954,3388414,3389273.5,2,0,0,0,3
1954,1955,3390133,3391011.5,0,0,1,3,0
1955,1956,3391890,3392732.5,0,0,0,1,1
1956,1957,3393575,3394434.0,0,0,0,0,0
1957,1958,3395293,3396133.0,0,0,0,0,0
1958,1959,3396973,3397823.0,0,0,0,1,0
1959,1960,3398673,3399529.0,1,0,0,3,1
1960,1961,3400385,3401268.0,0,0,0,1,2
1961,1962,3402151,3403028.0,0,0,0,0,0
1962,1963,3403905,3404767.5,0,0,0,4,1
1963,1964,3405630,3406515.5,0,0,0,0,0
1964,1965,3407401,3408283.0,3,0,0,1,0
1965,1966,3409165,3410046.0,2,0,0,0,0
1966,1967,3410927,3411782.0,5,0,0,0,0
1967,1968,3412637,3413513.5,4,0,0,1,0
1968,1969,3414390,3415284.5,0,0,0,1,0
1969,1970,3416179,3417081.5,0,0,0,0,3
1970,1971,3417984,3418904.5,0,0,0,0,0
1971,1972,3419825,3420726.0,0,0,0,0,0
1972,1973,3421627,3422488.0,0,0,0,0,0
1973,1974,3423349,3424222.5,0,0,0,0,1
1974,1975,3425096,3425953.0,0,0,0,0,1
1975,1976,3426810,3427721.5,0,0,0,0,5
1976,1977,3428633,3429534.5,0,0,0,0,1
1977,1978,3430436,3431300.0,0,0,0,0,1
1978,1979,3432164,3433053.0,0,0,0,0,3
1979,1980,3433942,3434828.0,0,0,0,0,0
1980,1981,3435714,3436536.5,0,0,0,0,0
1981,1982,3437359,3438250.0,0,0,0,0,2
1982,1983,3439141,3439945.5,0,0,0,0,0
1983,1984,3440750,3441578.0,0,0,0,0,2
1984,1985,3442406,3443281.5,1,0,0,0,1
1985,1986,3444157,3444995.0,2,0,0,0,0
1986,1987,3445833,3446652.0,0,0,0,0,0
1987,1988,3447471,3448367.0,0,0,0,0,2
1988,1989,3449263,3450102.0,1,0,0,0,0
1989,1990,3450941,3451832.0,1,0,0,0,1
1990,1991,3452723,3453599.5,1,0,0,0,4
1991,1992,3454476,3455333.0,0,0,0,0,2
1992,1993,3456190,3457050.5,0,0,0,0,2
1993,1994,3457911,3458743.0,0,0,0,0,0
1994,1995,3459575,3460442.5,0,0,0,0,3
1995,1996,3461310,3462243.5,0,0,1,1,2
1996,1997,3463177,3464099.0,0,0,0,1,3
1997,1998,3465021,3465932.0,0,0,0,0,1
1998,1999,3466843,3467727.5,0,0,0,0,4
1999,2000,3468612,3469466.0,1,0,0,0,1
2000,2001,3470320,3471195.5,0,0,0,0,2
2001,2002,3472071,3473013.0,2,0,0,0,3
2002,2003,3473955,3474859.5,0,0,0,0,5
2003,2004,3475764,3476633.0,0,0,0,0,3
2004,2005,3477502,3478405.0,0,0,0,0,3
2005,2006,3479308,3480172.5,1,0,0,0,1
2006,2007,3481037,3481900.5,1,0,0,0,0
2007,2008,3482764,3483603.5,1,0,0,0,2
2008,2009,3484443,3485316.0,0,0,0,0,4
2009,2010,3486189,3487069.0,0,0,0,0,2
2010,2011,3487949,3488784.0,1,0,0,0,2
2011,2012,3489619,3490555.5,0,0,0,0,2
2012,2013,3491492,3492425.5,1,0,0,0,5
2013,2014,3493359,3494273.0,0,0,0,0,5
2014,2015,3495187,3496124.0,0,0,0,0,3
2015,2016,3497061,3497928.0,0,0,0,0,2
2016,2017,3498795,3499699.5,2,0,0,0,2
2017,2018,3500604,3501458.0,0,0,0,0,2
2018,2019,3502312,3503138.5,0,0,0,0,0
2019,2020,3503965,3504800.0,0,0,0,0,0
2020,2021,3505635,3506489.5,1,0,0,0,0
2021,2022,3507344,3508195.0,1,0,0,0,1
2022,2023,3509046,3509934.5,0,0,0,0,0
2023,2024,3510823,3511687.0,1,0,0,0,1
2024,2025,3512551,3513433.5,1,1,0,0,0
2025,2026,3514316,3515215.5,0,3,0,0,0
2026,2027,3516115,3517001.5,0,0,0,0,3
2027,2028,3517888,3518775.5,0,0,0,0,1
2028,2029,3519663,3520544.5,0,0,0,0,0
2029,2030,3521426,3522263.5,0,0,0,0,0
2030,2031,3523101,3523932.5,0,0,0,0,0
2031,2032,3524764,3525633.5,2,0,0,0,2
2032,2033,3526503,3527388.0,0,0,2,1,1
2033,2034,3528273,3529136.0,0,0,0,1,0
2034,2035,3529999,3530875.0,0,0,1,1,1
2035,2036,3531751,3532584.5,0,0,3,0,0
2036,2037,3533418,3534282.5,0,0,1,2,0
2037,2038,3535147,3536008.0,0,0,1,0,1
2038,2039,3536869,3537738.0,0,0,2,0,1
2039,2040,3538607,3539489.0,0,0,2,2,1
2040,2041,3540371,3541228.5,0,2,1,0,0
2041,2042,3542086,3542956.5,0,0,0,0,0
2042,2043,3543827,3544691.5,0,0,0,0,0
2043,2044,3545556,3546440.0,0,0,1,1,0
2044,2045,3547324,3548237.0,0,0,0,0,2
2045,2046,3549150,3550029.5,1,0,0,0,0
2046,2047,3550909,3551822.5,0,0,0,0,2
2047,2048,3552736,3553592.0,0,0,0,0,1
2048,2049,3554448,3555323.0,0,0,0,0,4
2049,2050,3556198,3557066.5,0,0,0,0,1
2050,2051,3557935,3558761.0,0,0,0,0,1
2051,2052,3559587,3560508.5,0,0,0,0,4
2052,2053,3561430,3562317.0,0,0,0,0,4
2053,2054,3563204,3564079.5,0,0,0,0,3
2054,2055,3564955,3565781.5,0,0,0,0,0
2055,2056,3566608,3567478.5,1,0,0,0,2
2056,2057,3568349,3569297.5,1,0,0,0,6
2057,2058,3570246,3571138.0,0,0,0,0,3
2058,2059,3572030,3572883.0,0,0,0,0,2
2059,2060,3573736,3574604.5,0,0,0,0,2
2060,2061,3575473,3576330.5,0,0,0,0,3
2061,2062,3577188,3578091.5,0,0,0,0,2
2062,2063,3578995,3579896.5,0,0,0,1,4
2063,2064,3580798,3581640.0,0,0,0,0,1
2064,2065,3582482,3583309.5,0,0,0,0,0
2065,2066,3584137,3585008.0,0,0,0,0,3
2066,2067,3585879,3586765.0,0,0,0,0,2
2067,2068,3587651,3588532.5,0,0,0,0,2
2068,2069,3589414,3590342.0,0,0,0,0,5
2069,2070,3591270,3592129.5,0,0,0,0,2
2070,2071,3592989,3593904.0,0,0,0,0,2
2071,2072,3594819,3595715.5,0,0,0,0,4
2072,2073,3596612,3597510.5,0,0,0,1,3
2073,2074,3598409,3599258.5,0,0,0,1,1
2074,2075,3600108,3600962.0,0,0,0,0,4
2075,2076,3601816,3602730.5,1,0,0,0,3
2076,2077,3603645,3604511.0,0,0,0,0,1
2077,2078,3605377,3606275.5,0,0,0,1,3
2078,2079,3607174,3608078.0,0,0,0,0,6
2079,2080,3608982,3609933.0,0,0,0,1,6
2080,2081,3610884,3611764.0,0,0,0,0,2
2081,2082,3612644,3613536.5,0,0,0,1,4
2082,2083,3614429,3615311.5,0,0,0,0,4
2083,2084,3616194,3617119.0,0,0,0,1,6
2084,2085,3618044,3618917.0,1,0,1,0,2
2085,2086,3619790,3620708.0,1,0,0,0,2
2086,2087,3621626,3622440.0,0,2,0,0,0
2087,2088,3623254,3624055.0,0,0,1,0,0
2088,2089,3624856,3625652.0,0,0,0,0,0
2089,2090,3626448,3627251.0,0,0,0,0,0
2090,2091,3628054,3628804.0,0,0,0,0,0
2091,2092,3629554,3630358.5,0,0,0,0,0
2092,2093,3631163,3631972.0,0,0,0,0,0
2093,2094,3632781,3633582.0,0,1,0,0,0
2094,2095,3634383,3635234.5,0,0,0,0,0
2095,2096,3636086,3636912.0,0,0,0,0,0
2096,2097,3637738,3638531.0,0,1,0,0,0
2097,2098,3639324,3640129.0,0,1,0,0,0
2098,2099,3640934,3641729.0,0,0,0,0,0
2099,2100,3642524,3643355.5,0,2,0,0,0
2100,2101,3644187,3644995.0,0,0,0,0,0
2101,2102,3645803,3646652.5,0,0,2,0,0
2102,2103,3647502,3648377.5,0,0,0,0,0
2103,2104,3649253,3650031.0,0,0,0,0,0
2104,2105,3650809,3651582.5,0,0,0,0,0
2105,2106,3652356,3653257.0,0,0,0,0,0
2106,2107,3654158,3655063.5,0,0,1,1,0
2107,2108,3655969,3656822.0,0,0,0,0,0
2108,2109,3657675,3658598.5,0,0,1,0,1
2109,2110,3659522,3660376.0,0,0,3,0,0
2110,2111,3661230,3662164.5,0,0,0,1,2
2111,2112,3663099,3663980.5,0,0,1,0,1
2112,2113,3664862,3665729.5,0,0,2,0,0
2113,2114,3666597,3667432.5,0,0,1,0,0
2114,2115,3668268,3669132.0,0,0,3,0,0
2115,2116,3669996,3670855.0,0,0,1,0,0
2116,2117,3671714,3672597.5,0,0,1,0,0
2117,2118,3673481,3674380.5,0,0,2,0,0
2118,2119,3675280,3676140.5,0,0,1,0,0
2119,2120,3677001,3677822.5,0,0,0,0,0
2120,2121,3678644,3679537.0,0,0,2,0,0
2121,2122,3680430,3681290.0,0,0,3,0,0
2122,2123,3682150,3683070.5,0,0,2,0,0
2123,2124,3683991,3684940.0,0,0,3,1,0
2124,2125,3685889,3686740.5,0,4,1,0,0
2125,2126,3687592,3688436.0,0,1,0,0,0
2126,2127,3689280,3690163.5,0,0,3,0,0
2127,2128,3691047,3691885.0,0,0,1,0,0
2128,2129,3692723,3693545.0,0,0,0,0,0
2129,2130,3694367,3695223.5,0,0,0,0,0
2130,2131,3696080,3696911.5,0,0,0,0,0
2131,2132,3697743,3698562.5,3,0,0,0,0
2132,2133,3699382,3700230.5,2,0,0,0,0
2133,2134,3701079,3701908.0,0,0,3,0,0
2134,2135,3702737,3703580.0,2,0,3,1,0
2135,2136,3704423,3705312.5,0,0,0,0,0
2136,2137,3706202,3707080.0,0,0,1,1,0
2137,2138,3707958,3708866.0,0,6,1,0,3
2138,2139,3709774,3710617.0,0,1,0,0,0
2139,2140,3711460,3712327.5,0,0,1,0,0
2140,2141,3713195,3714047.5,0,0,0,1,0
2141,2142,3714900,3715753.5,0,0,1,1,4
2142,2143,3716607,3717487.0,0,0,0,0,2
2143,2144,3718367,3719265.5,0,0,0,0,2
2144,2145,3720164,3721040.0,0,0,0,0,0
2145,2146,3721916,3722748.0,2,1,0,0,0
2146,2147,3723580,3724417.5,0,0,0,0,0
2147,2148,3725255,3726099.5,0,0,0,0,0
2148,2149,3726944,3727792.0,0,2,1,0,0
2149,2150,3728640,3729455.0,0,0,0,0,0
2150,2151,3730270,3731114.0,0,0,0,0,0
2151,2152,3731958,3732783.5,0,0,0,0,0
2152,2153,3733609,3734450.5,0,0,0,0,0
2153,2154,3735292,3736138.0,1,0,0,0,0
2154,2155,3736984,3737831.5,0,0,0,0,0
2155,2156,3738679,3739541.5,2,0,0,0,0
2156,2157,3740404,3741221.0,0,0,0,0,0
2157,2158,3742038,3742864.5,0,0,0,0,0
2158,2159,3743691,3744500.5,0,0,0,0,0
2159,2160,3745310,3746146.5,0,0,0,0,0
2160,2161,3746983,3747895.5,0,2,0,0,0
2161,2162,3748808,3749702.0,0,1,0,0,0
2162,2163,3750596,3751522.0,0,0,0,0,0
2163,2164,3752448,3753296.0,0,0,0,0,0
2164,2165,3754144,3755000.0,0,0,0,0,0
2165,2166,3755856,3756686.0,0,0,0,0,0
2166,2167,3757516,3758373.0,0,0,0,0,0
2167,2168,3759230,3760065.5,0,0,0,0,0
2168,2169,3760901,3761745.5,0,1,0,0,0
2169,2170,3762590,3763435.5,0,0,0,0,0
2170,2171,3764281,3765147.5,0,0,0,0,0
2171,2172,3766014,3766886.5,0,0,0,0,0
2172,2173,3767759,3768609.0,0,0,0,0,0
2173,2174,3769459,3770304.0,1,0,0,0,0
2174,2175,3771149,3771996.0,0,0,0,0,0
2175,2176,3772843,3773787.5,0,0,0,0,0
2176,2177,3774732,3775692.0,0,0,0,0,0
2177,2178,3776652,3777510.5,1,0,0,0,0
2178,2179,3778369,3779171.0,0,0,0,0,0
2179,2180,3779973,3780836.5,0,0,0,0,0
2180,2181,3781700,3782568.0,0,0,0,0,0
2181,2182,3783436,3784250.0,0,0,0,0,0
2182,2183,3785064,3785934.0,0,0,0,0,0
2183,2184,3786804,3787636.5,0,0,0,0,0
2184,2185,3788469,3789307.0,0,0,0,0,0
2185,2186,3790145,3791009.5,0,1,0,0,0
2186,2187,3791874,3792732.5,0,0,0,0,0
2187,2188,3793591,3794534.5,0,0,0,0,0
2188,2189,3795478,3796371.5,1,0,0,0,0
2189,2190,3797265,3798155.5,0,0,0,0,0
2190,2191,3799046,3799941.0,0,0,0,0,0
2191,2192,3800836,3801738.0,1,0,0,0,0
2192,2193,3802640,3803517.5,0,0,0,0,0
2193,2194,3804395,3805296.5,0,0,0,0,0
2194,2195,3806198,3807067.5,1,0,1,0,0
2195,2196,3807937,3808804.5,0,0,0,0,0
2196,2197,3809672,3810585.5,0,1,0,0,0
2197,2198,3811499,3812375.0,0,0,0,0,0
2198,2199,3813251,3814150.5,0,0,0,0,0
2199,2200,3815050,3815936.0,0,1,0,0,0
2200,2201,3816822,3817724.0,0,0,0,0,0
2201,2202,3818626,3819505.5,0,0,0,0,0
2202,2203,3820385,3821291.5,0,0,0,0,0
2203,2204,3822198,3823145.0,1,1,0,0,0
2204,2205,3824092,3824987.5,0,1,0,0,0
2205,2206,3825883,3826812.0,0,0,0,0,0
2206,2207,3827741,3828587.5,2,0,0,0,0
2207,2208,3829434,3830299.5,3,1,0,0,0
2208,2209,3831165,3832033.5,2,4,0,0,0
2209,2210,3832902,3833789.0,2,3,0,0,0
2210,2211,3834676,3835589.0,2,5,0,0,0
2211,2212,3836502,3837370.0,1,2,0,0,0
2212,2213,3838238,3839188.5,0,9,0,0,0
2213,2214,3840139,3841048.5,1,0,1,0,0
2214,2215,3841958,3842827.0,0,0,2,0,0
2215,2216,3843696,3844616.5,1,0,7,0,0
2216,2217,3845537,3846439.5,2,0,2,2,0
2217,2218,3847342,3848216.0,0,1,0,2,0
2218,2219,3849090,3849992.0,1,0,0,0,3
2219,2220,3850894,3851770.0,0,0,0,0,0
2220,2221,3852646,3853509.0,0,0,0,0,0
2221,2222,3854372,3855260.5,0,0,0,0,0
2222,2223,3856149,3857041.0,0,0,0,0,3
2223,2224,3857933,3858812.5,0,0,0,0,0
2224,2225,3859692,3860597.0,0,0,0,0,0
2225,2226,3861502,3862355.5,0,0,0,0,0
2226,2227,3863209,3864078.5,0,0,0,0,0
2227,2228,3864948,3865815.0,0,0,0,0,0
2228,2229,3866682,3867549.0,0,0,0,0,0
2229,2230,3868416,3869244.0,0,0,0,0,0
2230,2231,3870072,3870936.0,0,0,1,0,0
2231,2232,3871800,3872659.0,0,0,0,0,0
2232,2233,3873518,3874362.0,0,0,0,0,0
2233,2234,3875206,3876109.5,0,0,0,0,0
2234,2235,3877013,3877888.0,0,0,0,0,0
2235,2236,3878763,3879630.5,0,0,0,0,0
2236,2237,3880498,3881384.0,0,0,0,0,1
2237,2238,3882270,3883121.5,0,0,0,0,0
2238,2239,3883973,3884864.0,0,0,1,0,0
2239,2240,3885755,3886631.0,1,0,0,1,2
2240,2241,3887507,3888364.0,0,0,0,0,1
2241,2242,3889221,3890079.5,0,0,0,0,0
2242,2243,3890938,3891853.5,0,0,0,0,0
2243,2244,3892769,3893619.5,0,0,0,0,0
2244,2245,3894470,3895299.5,0,0,0,0,0
2245,2246,3896129,3897009.5,0,0,0,0,0
2246,2247,3897890,3898821.5,0,0,0,0,2
2247,2248,3899753,3900646.5,0,2,0,0,0
2248,2249,3901540,3902412.0,0,0,0,0,2
2249,2250,3903284,3904160.0,0,0,0,0,0
2250,2251,3905036,3905857.5,0,0,0,0,0
2251,2252,3906679,3907515.5,0,0,0,0,0
2252,2253,3908352,3909237.0,0,0,0,0,0
2253,2254,3910122,3910986.0,0,0,0,0,0
2254,2255,3911850,3912711.5,0,0,0,0,0
2255,2256,3913573,3914457.0,0,0,0,0,0
2256,2257,3915341,3916190.0,0,0,0,0,0
2257,2258,3917039,3917865.0,0,0,0,0,0
2258,2259,3918691,3919586.5,0,0,0,0,0
2259,2260,3920482,3921449.0,0,0,0,0,0
2260,2261,3922416,3923411.5,0,0,0,0,2
2261,2262,3924407,3925392.0,0,0,0,0,0
2262,2263,3926377,3927292.5,0,0,0,0,0
2263,2264,3928208,3929097.0,0,0,0,0,0
2264,2265,3929986,3930922.5,0,0,0,0,0
2265,2266,3931859,3932724.0,0,0,0,0,0
2266,2267,3933589,3934448.0,0,1,0,0,0
2267,2268,3935307,3935307.0,0,0,0,0,0
