uid,gid,cluster,size,seq,series,begin,end,id,book,tagged-text-ms,citation,cited_text
-7266350239043889875,-166781166239542393,163208936101,5,5082,Shamela0010283-ara1.mARkdown,833,1352,Shamela0010283,0733Nuwayri.NihayatArab,2331,f,f
-694272129291096293,-6788471551444052522,163208936101,5,4339,Shamela0009783BK1-ara1.mARkdown,190,969,Shamela0009783BK1,0310Tabari.Tarikh,2331,f,f
-8360109958398157734,5274941812924222394,163208936101,5,2331,JK000911-ara1.mARkdown,240,640,JK000911,0630IbnAthirCizzDin.Kamil,2331,f,f
-8360109958398157734,5274941812924222394,163208936108,2,2331,JK000911-ara1.mARkdown,585,1064,JK000911,0630IbnAthirCizzDin.Kamil,2331,f,f
-6479333065227491461,-400537284065974245,163208936108,2,164,Shamela0025841-ara1.mARkdown,149,300,Shamela0025841,0748Dhahabi.CibarFiKhabar,2331,f,f
-1979902351205012727,-166781166239542393,41505,8,5083,Shamela0010283-ara1.mARkdown,42,510,Shamela0010283,0733Nuwayri.NihayatArab,2331,f,f
-1767504339704940865,-5846110217919951192,41505,8,2689,Shamela0012406-ara1.mARkdown,825,1489,Shamela0012406,0597IbnJawzi.Muntazam,2331,f,f
-5917912367385716413,-1565415704678795426,41505,8,289,JK003609-ara1.mARkdown,18,614,JK003609,0764Safadi.WafiBiWafayat,2331,f,f
-6487654738601033016,5283840752347635461,41505,8,3704,Shamela0035100-ara1.mARkdown,963,1097,Shamela0035100,0748Dhahabi.TarikhIslam,2331,f,f
2791953148387840934,-6874650876450955628,41505,8,1729,Shamela0012320-ara1.completed,683,1096,Shamela0012320,0808IbnKhaldun.Tarikh,2331,f,f
-1148964718526133171,5411657526454856293,41505,8,5184,SHAM19Y23644-ara1,193,517,SHAM19Y23644,0654SibtIbnJawzi.MiratZaman,2331,f,f
-8360109958398157734,5274941812924222394,41505,8,2331,JK000911-ara1.mARkdown,805,1231,JK000911,0630IbnAthirCizzDin.Kamil,2331,f,f
2311108650031878491,-227920819258606688,41505,8,1112,Shamela0012396-ara1.completed,278,538,Shamela0012396,0421Miskawayh.Tajarib,2331,f,f
-8360109958398157734,5274941812924222394,163208936102,2,2331,JK000911-ara1.mARkdown,1,240,JK000911,0630IbnAthirCizzDin.Kamil,2331,f,f
-1767504339704940865,-5846110217919951192,41503,4,2689,Shamela0012406-ara1.mARkdown,912,1257,Shamela0012406,0597IbnJawzi.Muntazam,2331,f,f
2191439944509168407,-7266244383407263105,41503,4,4921,Shamela0004445-ara1.completed,78,661,Shamela0004445,0774IbnKathir.Bidaya,2331,f,f
-8360109958398157734,5274941812924222394,41503,4,2331,JK000911-ara1.mARkdown,553,1123,JK000911,0630IbnAthirCizzDin.Kamil,2331,f,f
2311108650031878491,-227920819258606688,41503,4,1112,Shamela0012396-ara1.completed,60,538,Shamela0012396,0421Miskawayh.Tajarib,2331,f,f
-8360109958398157734,5274941812924222394,34359870776,4,2331,JK000911-ara1.mARkdown,585,1064,JK000911,0630IbnAthirCizzDin.Kamil,2331,f,f
-6479333065227491461,-400537284065974245,34359870776,4,164,Shamela0025841-ara1.mARkdown,41,405,Shamela0025841,0748Dhahabi.CibarFiKhabar,2331,f,f
2311108650031878491,-227920819258606688,34359870776,4,1112,Shamela0012396-ara1.completed,110,480,Shamela0012396,0421Miskawayh.Tajarib,2331,f,f
-694272129291096293,-6788471551444052522,163208936097,3,4339,Shamela0009783BK1-ara1.mARkdown,190,1019,Shamela0009783BK1,0310Tabari.Tarikh,2331,f,f
-8360109958398157734,5274941812924222394,163208936097,3,2331,JK000911-ara1.mARkdown,253,883,JK000911,0630IbnAthirCizzDin.Kamil,2331,f,f
5297422405619622872,2271800227472581094,103079215428,2,8522,Kraken210630005153-ara1,910,1145,Kraken210630005153,0749IbnFadlAllahCumari.MasalikAbsar,2332,f,f
-8930341196363967502,5274941812924222394,103079215428,2,2332,JK000911-ara1.mARkdown,61,296,JK000911,0630IbnAthirCizzDin.Kamil,2332,f,f
1625410273482883340,-166781166239542393,68719582251,3,5874,Shamela0010283-ara1.mARkdown,243,520,Shamela0010283,0733Nuwayri.NihayatArab,2334,f,f
-4863773277528254635,-6614833695216851644,68719582251,3,358,Shamela0012715-ara1.mARkdown,1354,1584,Shamela0012715,0732AbuFida.MukhtasarFiAkhbar,2334,f,f
-7289488801999702066,5274941812924222394,68719582251,3,2334,JK000911-ara1.mARkdown,401,642,JK000911,0630IbnAthirCizzDin.Kamil,2334,f,f
-1979902351205012727,-166781166239542393,68719582253,2,5083,Shamela0010283-ara1.mARkdown,843,1066,Shamela0010283,0733Nuwayri.NihayatArab,2334,f,f
-7289488801999702066,5274941812924222394,68719582253,2,2334,JK000911-ara1.mARkdown,1087,1411,JK000911,0630IbnAthirCizzDin.Kamil,2334,f,f
1625410273482883340,-166781166239542393,68719582249,3,5874,Shamela0010283-ara1.mARkdown,21,571,Shamela0010283,0733Nuwayri.NihayatArab,2334,f,f
-7289488801999702066,5274941812924222394,68719582249,3,2334,JK000911-ara1.mARkdown,208,693,JK000911,0630IbnAthirCizzDin.Kamil,2334,f,f
-7328631252627796073,-1418907385118863767,68719582249,3,1926,Shamela0001000-ara1.completed,1214,1562,Shamela0001000,0681IbnKhallikan.WafayatAcyan,2334,f,f
-7289488801999702066,5274941812924222394,68719582250,2,2334,JK000911-ara1.mARkdown,801,1093,JK000911,0630IbnAthirCizzDin.Kamil,2334,f,f
-7289488801999702066,5274941812924222394,68719582252,2,2334,JK000911-ara1.mARkdown,538,766,JK000911,0630IbnAthirCizzDin.Kamil,2334,f,f
548281468617439143,-1418907385118863767,68719582252,2,1927,Shamela0001000-ara1.completed,1,225,Shamela0001000,0681IbnKhallikan.WafayatAcyan,2334,f,f
-8580000493293286947,-6788471551444052522,300647896937,3,4342,Shamela0009783BK1-ara1.mARkdown,120,873,Shamela0009783BK1,0310Tabari.Tarikh,2335,f,f
2793631137173963114,5274941812924222394,300647896937,3,2335,JK000911-ara1.mARkdown,627,1207,JK000911,0630IbnAthirCizzDin.Kamil,2335,f,f
7580958693324784712,784474866936621015,206158463114,2,485,JK001330-ara1.mARkdown,88,430,JK001330,0874IbnTaghribirdi.NujumZahira,2335,f,f
2793631137173963114,5274941812924222394,206158463114,2,2335,JK000911-ara1.mARkdown,295,764,JK000911,0630IbnAthirCizzDin.Kamil,2335,f,f
-8580000493293286947,-6788471551444052522,300647896938,3,4342,Shamela0009783BK1-ara1.mARkdown,932,1620,Shamela0009783BK1,0310Tabari.Tarikh,2335,f,f
2793631137173963114,5274941812924222394,300647896938,3,2335,JK000911-ara1.mARkdown,1184,1637,JK000911,0630IbnAthirCizzDin.Kamil,2335,f,f
-1979902351205012727,-166781166239542393,77309566481,3,5083,Shamela0010283-ara1.mARkdown,1072,1563,Shamela0010283,0733Nuwayri.NihayatArab,2336,f,f
-8610120056328948907,5274941812924222394,77309566481,3,2336,JK000911-ara1.mARkdown,1,792,JK000911,0630IbnAthirCizzDin.Kamil,2336,f,f
9184773478482189746,8450140526675317881,77309566481,3,146,Shamela0012348-ara1.completed,1084,1525,Shamela0012348,0685IbnCibri.TarikhMukhtasarDuwal,2336,f,f
3689277326702563051,2271800227472581094,77309566480,6,8476,Kraken210630005153-ara1,105,365,Kraken210630005153,0749IbnFadlAllahCumari.MasalikAbsar,2336,f,f
5297422405619622872,2271800227472581094,77309566480,6,8522,Kraken210630005153-ara1,545,778,Kraken210630005153,0749IbnFadlAllahCumari.MasalikAbsar,2336,f,f
-3200693339228344144,-1451871078642060981,77309566480,6,61,Shamela0031382-ara1.mARkdown,1239,1412,Shamela0031382,0821Qalqashandi.NihayatArab,2336,f,f
626744202654324590,-6614833695216851644,77309566480,6,341,Shamela0012715-ara1.mARkdown,319,615,Shamela0012715,0732AbuFida.MukhtasarFiAkhbar,2336,f,f
-8610120056328948907,5274941812924222394,77309566480,6,2336,JK000911-ara1.mARkdown,844,1086,JK000911,0630IbnAthirCizzDin.Kamil,2336,f,f
6241952261408736976,-4233500155780270655,77309566480,6,55,Shamela0006630-ara1.completed,817,1131,Shamela0006630,0658IbnAbbar.HullaSiyara,2336,f,f
7102358837822571348,-6788471551444052522,77309566479,3,4343,Shamela0009783BK1-ara1.mARkdown,49,603,Shamela0009783BK1,0310Tabari.Tarikh,2336,f,f
-8610120056328948907,5274941812924222394,77309566479,3,2336,JK000911-ara1.mARkdown,1,419,JK000911,0630IbnAthirCizzDin.Kamil,2336,f,f
6823104613244118475,-6788471551444052522,171798724202,3,4344,Shamela0009783BK1-ara1.mARkdown,477,1520,Shamela0009783BK1,0310Tabari.Tarikh,2337,f,f
-3301149095542947469,5274941812924222394,171798724202,3,2337,JK000911-ara1.mARkdown,225,1544,JK000911,0630IbnAthirCizzDin.Kamil,2337,f,f
1390502369686752643,-166781166239542393,128849049957,6,5084,Shamela0010283-ara1.mARkdown,55,440,Shamela0010283,0733Nuwayri.NihayatArab,2337,f,f
1201286009009266615,-5846110217919951192,128849049957,6,2698,Shamela0012406-ara1.mARkdown,101,513,Shamela0012406,0597IbnJawzi.Muntazam,2337,f,f
6823104613244118475,-6788471551444052522,128849049957,6,4344,Shamela0009783BK1-ara1.mARkdown,575,1170,Shamela0009783BK1,0310Tabari.Tarikh,2337,f,f
-3301149095542947469,5274941812924222394,128849049957,6,2337,JK000911-ara1.mARkdown,421,621,JK000911,0630IbnAthirCizzDin.Kamil,2337,f,f
1390502369686752643,-166781166239542393,292057821787,2,5084,Shamela0010283-ara1.mARkdown,375,591,Shamela0010283,0733Nuwayri.NihayatArab,2337,f,f
-3301149095542947469,5274941812924222394,292057821787,2,2337,JK000911-ara1.mARkdown,1170,1613,JK000911,0630IbnAthirCizzDin.Kamil,2337,f,f
-6397041782417490768,-7266244383407263105,601295460409,2,4923,Shamela0004445-ara1.completed,795,1334,Shamela0004445,0774IbnKathir.Bidaya,2337,f,f
-3301149095542947469,5274941812924222394,601295460409,2,2337,JK000911-ara1.mARkdown,242,644,JK000911,0630IbnAthirCizzDin.Kamil,2337,f,f
2791953148387840934,-6874650876450955628,154618974373,3,1729,Shamela0012320-ara1.completed,1073,1305,Shamela0012320,0808IbnKhaldun.Tarikh,2338,f,f
-3720302575089015367,-7266244383407263105,154618974373,3,4925,Shamela0004445-ara1.completed,619,866,Shamela0004445,0774IbnKathir.Bidaya,2338,f,f
6658420101480900016,5274941812924222394,154618974373,3,2338,JK000911-ara1.mARkdown,1181,1516,JK000911,0630IbnAthirCizzDin.Kamil,2338,f,f
1390502369686752643,-166781166239542393,137438956196,4,5084,Shamela0010283-ara1.mARkdown,1241,1394,Shamela0010283,0733Nuwayri.NihayatArab,2338,f,f
2619134929178093233,-6788471551444052522,137438956196,4,4345,Shamela0009783BK1-ara1.mARkdown,816,1116,Shamela0009783BK1,0310Tabari.Tarikh,2338,f,f
6658420101480900016,5274941812924222394,137438956196,4,2338,JK000911-ara1.mARkdown,1181,1432,JK000911,0630IbnAthirCizzDin.Kamil,2338,f,f
6658420101480900016,5274941812924222394,223338308890,2,2338,JK000911-ara1.mARkdown,1427,1580,JK000911,0630IbnAthirCizzDin.Kamil,2338,f,f
940197846014216179,-6373525740030906863,223338308890,2,12,Shamela0007610-ara1,83,232,Shamela0007610,0240IbnYahyaKinani.Hida,2338,f,f
1949544118559098936,-166781166239542393,17180000520,2,5362,Shamela0010283-ara1.mARkdown,854,1396,Shamela0010283,0733Nuwayri.NihayatArab,2338,f,f
6658420101480900016,5274941812924222394,17180000520,2,2338,JK000911-ara1.mARkdown,357,1112,JK000911,0630IbnAthirCizzDin.Kamil,2338,f,f
1390502369686752643,-166781166239542393,292057821786,2,5084,Shamela0010283-ara1.mARkdown,591,886,Shamela0010283,0733Nuwayri.NihayatArab,2338,f,f
6658420101480900016,5274941812924222394,292057821786,2,2338,JK000911-ara1.mARkdown,1,303,JK000911,0630IbnAthirCizzDin.Kamil,2338,f,f
626744202654324590,-6614833695216851644,403726975103,3,341,Shamela0012715-ara1.mARkdown,681,1180,Shamela0012715,0732AbuFida.MukhtasarFiAkhbar,2339,f,f
4331350003377127864,5274941812924222394,403726975103,3,2339,JK000911-ara1.mARkdown,348,743,JK000911,0630IbnAthirCizzDin.Kamil,2339,f,f
5942456094318615835,-8381433524439052507,403726975103,3,266,Shamela0006624-ara1,63,456,Shamela0006624,0749ZaynDinIbnWardi.Tarikh,2339,f,f
-653983790578063693,-166781166239542393,292057927731,2,5085,Shamela0010283-ara1.mARkdown,182,673,Shamela0010283,0733Nuwayri.NihayatArab,2339,f,f
4331350003377127864,5274941812924222394,292057927731,2,2339,JK000911-ara1.mARkdown,652,1608,JK000911,0630IbnAthirCizzDin.Kamil,2339,f,f
1988548953762143342,6466097600277704307,19556,5,1511,Shamela0003118-ara1.completed,66,368,Shamela0003118,0711IbnManzurIfriqi.MukhtasarTarikhDimashq,2339,f,f
2879944689708520797,-7012536273894343423,19556,5,27495,JK000916-ara1.mARkdown,542,864,JK000916,0571IbnCasakir.TarikhDimashq,2339,f,f
-7137094606532721992,-1565415704678795426,19556,5,2675,JK003609-ara1.mARkdown,287,495,JK003609,0764Safadi.WafiBiWafayat,2339,f,f
4331350003377127864,5274941812924222394,19556,5,2339,JK000911-ara1.mARkdown,1,273,JK000911,0630IbnAthirCizzDin.Kamil,2339,f,f
940197846014216179,-6373525740030906863,19556,5,12,Shamela0007610-ara1,229,456,Shamela0007610,0240IbnYahyaKinani.Hida,2339,f,f
1390502369686752643,-166781166239542393,292057821791,2,5084,Shamela0010283-ara1.mARkdown,446,1235,Shamela0010283,0733Nuwayri.NihayatArab,2339,f,f
4331350003377127864,5274941812924222394,292057821791,2,2339,JK000911-ara1.mARkdown,652,1111,JK000911,0630IbnAthirCizzDin.Kamil,2339,f,f
4331350003377127864,5274941812924222394,137438956200,2,2339,JK000911-ara1.mARkdown,644,847,JK000911,0630IbnAthirCizzDin.Kamil,2339,f,f
1764651372586000824,-6788471551444052522,146028952771,2,4351,Shamela0009783BK1-ara1.mARkdown,7,303,Shamela0009783BK1,0310Tabari.Tarikh,2340,f,f
4382911002428679070,5274941812924222394,146028952771,2,2340,JK000911-ara1.mARkdown,860,1526,JK000911,0630IbnAthirCizzDin.Kamil,2340,f,f
4382911002428679070,5274941812924222394,146028952766,2,2340,JK000911-ara1.mARkdown,454,1064,JK000911,0630IbnAthirCizzDin.Kamil,2340,f,f
-2181421377087372132,-227920819258606688,146028952766,2,1113,Shamela0012396-ara1.completed,626,1396,Shamela0012396,0421Miskawayh.Tajarib,2340,f,f
-9181997014651955684,-5846110217919951192,34359890959,5,2710,Shamela0012406-ara1.mARkdown,1,573,Shamela0012406,0597IbnJawzi.Muntazam,2340,f,f
3292650851321230386,5411657526454856293,34359890959,5,5212,SHAM19Y23644-ara1,646,1341,SHAM19Y23644,0654SibtIbnJawzi.MiratZaman,2340,f,f
-3897416903158604628,-6788471551444052522,34359890959,5,4350,Shamela0009783BK1-ara1.mARkdown,529,1556,Shamela0009783BK1,0310Tabari.Tarikh,2340,f,f
4382911002428679070,5274941812924222394,34359890959,5,2340,JK000911-ara1.mARkdown,784,1605,JK000911,0630IbnAthirCizzDin.Kamil,2340,f,f
-653983790578063693,-166781166239542393,146028952770,5,5085,Shamela0010283-ara1.mARkdown,984,1219,Shamela0010283,0733Nuwayri.NihayatArab,2340,f,f
7178738818786077718,-6874650876450955628,146028952770,5,1730,Shamela0012320-ara1.completed,517,918,Shamela0012320,0808IbnKhaldun.Tarikh,2340,f,f
2485602630408608671,8837120293157966538,146028952770,5,2651,Shamela19Y0145334-ara1,376,595,Shamela19Y0145334,0845Maqrizi.Muqaffa,2340,f,f
4382911002428679070,5274941812924222394,146028952770,5,2340,JK000911-ara1.mARkdown,828,1572,JK000911,0630IbnAthirCizzDin.Kamil,2340,f,f
-2181421377087372132,-227920819258606688,146028952770,5,1113,Shamela0012396-ara1.completed,1176,1405,Shamela0012396,0421Miskawayh.Tajarib,2340,f,f
-653983790578063693,-166781166239542393,146028952769,3,5085,Shamela0010283-ara1.mARkdown,673,1630,Shamela0010283,0733Nuwayri.NihayatArab,2340,f,f
7178738818786077718,-6874650876450955628,146028952769,3,1730,Shamela0012320-ara1.completed,222,926,Shamela0012320,0808IbnKhaldun.Tarikh,2340,f,f
4382911002428679070,5274941812924222394,146028952769,3,2340,JK000911-ara1.mARkdown,1,1605,JK000911,0630IbnAthirCizzDin.Kamil,2340,f,f
4051731871237900892,8837120293157966538,29537,2,2652,Shamela19Y0145334-ara1,1,187,Shamela19Y0145334,0845Maqrizi.Muqaffa,2340,f,f
4382911002428679070,5274941812924222394,29537,2,2340,JK000911-ara1.mARkdown,1424,1633,JK000911,0630IbnAthirCizzDin.Kamil,2340,f,f
3292650851321230386,5411657526454856293,34359890957,5,5212,SHAM19Y23644-ara1,226,1120,SHAM19Y23644,0654SibtIbnJawzi.MiratZaman,2340,f,f
-3897416903158604628,-6788471551444052522,34359890957,5,4350,Shamela0009783BK1-ara1.mARkdown,1,1587,Shamela0009783BK1,0310Tabari.Tarikh,2340,f,f
2485602630408608671,8837120293157966538,34359890957,5,2651,Shamela19Y0145334-ara1,694,1579,Shamela19Y0145334,0845Maqrizi.Muqaffa,2340,f,f
4382911002428679070,5274941812924222394,34359890957,5,2340,JK000911-ara1.mARkdown,331,1428,JK000911,0630IbnAthirCizzDin.Kamil,2340,f,f
4382911002428679070,5274941812924222394,34359770065,2,2340,JK000911-ara1.mARkdown,1160,1566,JK000911,0630IbnAthirCizzDin.Kamil,2340,f,f
5673854558726684135,-227920819258606688,34359770065,2,1114,Shamela0012396-ara1.completed,1,630,Shamela0012396,0421Miskawayh.Tajarib,2340,f,f
36048604089765463,-166781166239542393,29538,3,5086,Shamela0010283-ara1.mARkdown,1,584,Shamela0010283,0733Nuwayri.NihayatArab,2341,f,f
4051731871237900892,8837120293157966538,29538,3,2652,Shamela19Y0145334-ara1,168,985,Shamela19Y0145334,0845Maqrizi.Muqaffa,2341,f,f
2484210424195304323,5274941812924222394,29538,3,2341,JK000911-ara1.mARkdown,1,853,JK000911,0630IbnAthirCizzDin.Kamil,2341,f,f
-9181997014651955684,-5846110217919951192,34359770063,6,2710,Shamela0012406-ara1.mARkdown,650,1188,Shamela0012406,0597IbnJawzi.Muntazam,2341,f,f
-2463608547304208366,5411657526454856293,34359770063,6,5213,SHAM19Y23644-ara1,1,656,SHAM19Y23644,0654SibtIbnJawzi.MiratZaman,2341,f,f
1764651372586000824,-6788471551444052522,34359770063,6,4351,Shamela0009783BK1-ara1.mARkdown,647,1571,Shamela0009783BK1,0310Tabari.Tarikh,2341,f,f
2484210424195304323,5274941812924222394,34359770063,6,2341,JK000911-ara1.mARkdown,11,644,JK000911,0630IbnAthirCizzDin.Kamil,2341,f,f
5673854558726684135,-227920819258606688,34359770063,6,1114,Shamela0012396-ara1.completed,878,1603,Shamela0012396,0421Miskawayh.Tajarib,2341,f,f
-5329102804415798386,-5846110217919951192,154618834439,4,2708,Shamela0012406-ara1.mARkdown,1107,1402,Shamela0012406,0597IbnJawzi.Muntazam,2341,f,f
3970367989181126937,5411657526454856293,154618834439,4,5211,SHAM19Y23644-ara1,237,482,SHAM19Y23644,0654SibtIbnJawzi.MiratZaman,2341,f,f
-1163079707271834508,-6788471551444052522,154618834439,4,4347,Shamela0009783BK1-ara1.mARkdown,24,479,Shamela0009783BK1,0310Tabari.Tarikh,2341,f,f
2484210424195304323,5274941812924222394,154618834439,4,2341,JK000911-ara1.mARkdown,875,1114,JK000911,0630IbnAthirCizzDin.Kamil,2341,f,f
-6501594187767453198,-6788471551444052522,154618834441,3,4352,Shamela0009783BK1-ara1.mARkdown,472,605,Shamela0009783BK1,0310Tabari.Tarikh,2341,f,f
2484210424195304323,5274941812924222394,154618834441,3,2341,JK000911-ara1.mARkdown,1443,1568,JK000911,0630IbnAthirCizzDin.Kamil,2341,f,f
-1018535687935249481,-7266244383407263105,103079258327,4,4932,Shamela0004445-ara1.completed,53,347,Shamela0004445,0774IbnKathir.Bidaya,2341,f,f
326413887783604241,-6788471551444052522,103079258327,4,4348,Shamela0009783BK1-ara1.mARkdown,83,336,Shamela0009783BK1,0310Tabari.Tarikh,2341,f,f
2484210424195304323,5274941812924222394,103079258327,4,2341,JK000911-ara1.mARkdown,1128,1258,JK000911,0630IbnAthirCizzDin.Kamil,2341,f,f
4051731871237900892,8837120293157966538,29536,3,2652,Shamela19Y0145334-ara1,187,993,Shamela19Y0145334,0845Maqrizi.Muqaffa,2341,f,f
2484210424195304323,5274941812924222394,29536,3,2341,JK000911-ara1.mARkdown,1,861,JK000911,0630IbnAthirCizzDin.Kamil,2341,f,f
-6501594187767453198,-6788471551444052522,154618834440,3,4352,Shamela0009783BK1-ara1.mARkdown,282,472,Shamela0009783BK1,0310Tabari.Tarikh,2341,f,f
2484210424195304323,5274941812924222394,154618834440,3,2341,JK000911-ara1.mARkdown,689,861,JK000911,0630IbnAthirCizzDin.Kamil,2341,f,f
-2436026840912781224,-5846110217919951192,8589935174,4,2716,Shamela0012406-ara1.mARkdown,623,868,Shamela0012406,0597IbnJawzi.Muntazam,2342,f,f
-6501594187767453198,-6788471551444052522,8589935174,4,4352,Shamela0009783BK1-ara1.mARkdown,635,1226,Shamela0009783BK1,0310Tabari.Tarikh,2342,f,f
-8576221746271200993,5274941812924222394,8589935174,4,2342,JK000911-ara1.mARkdown,407,815,JK000911,0630IbnAthirCizzDin.Kamil,2342,f,f
-6501594187767453198,-6788471551444052522,8589935169,2,4352,Shamela0009783BK1-ara1.mARkdown,635,1564,Shamela0009783BK1,0310Tabari.Tarikh,2342,f,f
-8576221746271200993,5274941812924222394,8589935169,2,2342,JK000911-ara1.mARkdown,401,1134,JK000911,0630IbnAthirCizzDin.Kamil,2342,f,f
-4092198733493596844,5411657526454856293,8589935172,3,5227,SHAM19Y23644-ara1,614,866,SHAM19Y23644,0654SibtIbnJawzi.MiratZaman,2342,f,f
-623258224290906134,-6788471551444052522,8589935172,3,4353,Shamela0009783BK1-ara1.mARkdown,46,281,Shamela0009783BK1,0310Tabari.Tarikh,2342,f,f
-8576221746271200993,5274941812924222394,8589935172,3,2342,JK000911-ara1.mARkdown,1522,1641,JK000911,0630IbnAthirCizzDin.Kamil,2342,f,f
36048604089765463,-166781166239542393,8589935173,4,5086,Shamela0010283-ara1.mARkdown,1002,1238,Shamela0010283,0733Nuwayri.NihayatArab,2342,f,f
-6501594187767453198,-6788471551444052522,8589935173,4,4352,Shamela0009783BK1-ara1.mARkdown,1101,1454,Shamela0009783BK1,0310Tabari.Tarikh,2342,f,f
-8576221746271200993,5274941812924222394,8589935173,4,2342,JK000911-ara1.mARkdown,415,1024,JK000911,0630IbnAthirCizzDin.Kamil,2342,f,f
-4092198733493596844,5411657526454856293,8589935170,2,5227,SHAM19Y23644-ara1,249,742,SHAM19Y23644,0654SibtIbnJawzi.MiratZaman,2342,f,f
-8576221746271200993,5274941812924222394,8589935170,2,2342,JK000911-ara1.mARkdown,1030,1641,JK000911,0630IbnAthirCizzDin.Kamil,2342,f,f
6393763650764273000,5411657526454856293,8589935171,5,5226,SHAM19Y23644-ara1,348,703,SHAM19Y23644,0654SibtIbnJawzi.MiratZaman,2342,f,f
-4042128313923084905,-7266244383407263105,8589935171,5,4962,Shamela0004445-ara1.completed,224,537,Shamela0004445,0774IbnKathir.Bidaya,2342,f,f
-6501594187767453198,-6788471551444052522,8589935171,5,4352,Shamela0009783BK1-ara1.mARkdown,746,1074,Shamela0009783BK1,0310Tabari.Tarikh,2342,f,f
-8576221746271200993,5274941812924222394,8589935171,5,2342,JK000911-ara1.mARkdown,407,840,JK000911,0630IbnAthirCizzDin.Kamil,2342,f,f
-8576221746271200993,5274941812924222394,8589935168,2,2342,JK000911-ara1.mARkdown,401,1605,JK000911,0630IbnAthirCizzDin.Kamil,2342,f,f
-4357350249134848197,-5846110217919951192,60129599389,10,2723,Shamela0012406-ara1.mARkdown,136,591,Shamela0012406,0597IbnJawzi.Muntazam,2343,f,f
-2484800362163201043,-1565415704678795426,60129599389,10,2705,JK003609-ara1.mARkdown,964,1495,JK003609,0764Safadi.WafiBiWafayat,2343,f,f
1153092437350236881,5283840752347635461,60129599389,10,3884,Shamela0035100-ara1.mARkdown,180,517,Shamela0035100,0748Dhahabi.TarikhIslam,2343,f,f
-5486215323741187641,-7266244383407263105,60129599389,10,4963,Shamela0004445-ara1.completed,535,1105,Shamela0004445,0774IbnKathir.Bidaya,2343,f,f
-634150637782697197,784474866936621015,60129599389,10,502,JK001330-ara1.mARkdown,1110,1587,JK001330,0874IbnTaghribirdi.NujumZahira,2343,f,f
-623258224290906134,-6788471551444052522,60129599389,10,4353,Shamela0009783BK1-ara1.mARkdown,274,753,Shamela0009783BK1,0310Tabari.Tarikh,2343,f,f
-1637568312262761141,5274941812924222394,60129599389,10,2343,JK000911-ara1.mARkdown,164,601,JK000911,0630IbnAthirCizzDin.Kamil,2343,f,f
1064757354201732282,-8381433524439052507,60129599389,10,268,Shamela0006624-ara1,567,751,Shamela0006624,0749ZaynDinIbnWardi.Tarikh,2343,f,f
-248795626868293352,2271800227472581094,94489392368,11,8525,Kraken210630005153-ara1,354,873,Kraken210630005153,0749IbnFadlAllahCumari.MasalikAbsar,2343,f,f
8477314711695300382,6466097600277704307,94489392368,11,1540,Shamela0003118-ara1.completed,1170,1554,Shamela0003118,0711IbnManzurIfriqi.MukhtasarTarikhDimashq,2343,f,f
-1743509116889516309,-5846110217919951192,94489392368,11,2734,Shamela0012406-ara1.mARkdown,92,799,Shamela0012406,0597IbnJawzi.Muntazam,2343,f,f
-8389050784441327804,-7012536273894343423,94489392368,11,27538,JK000916-ara1.mARkdown,1,533,JK000916,0571IbnCasakir.TarikhDimashq,2343,f,f
-2484800362163201043,-1565415704678795426,94489392368,11,2705,JK003609-ara1.mARkdown,964,1271,JK003609,0764Safadi.WafiBiWafayat,2343,f,f
638034982008411469,5411657526454856293,94489392368,11,5248,SHAM19Y23644-ara1,183,773,SHAM19Y23644,0654SibtIbnJawzi.MiratZaman,2343,f,f
-623258224290906134,-6788471551444052522,94489392368,11,4353,Shamela0009783BK1-ara1.mARkdown,753,1519,Shamela0009783BK1,0310Tabari.Tarikh,2343,f,f
5470018192899329211,-6614833695216851644,94489392368,11,343,Shamela0012715-ara1.mARkdown,654,1105,Shamela0012715,0732AbuFida.MukhtasarFiAkhbar,2343,f,f
-1637568312262761141,5274941812924222394,94489392368,11,2343,JK000911-ara1.mARkdown,945,1520,JK000911,0630IbnAthirCizzDin.Kamil,2343,f,f
96446268418220244,-227920819258606688,94489392368,11,1115,Shamela0012396-ara1.completed,524,954,Shamela0012396,0421Miskawayh.Tajarib,2343,f,f
-623258224290906134,-6788471551444052522,94489392367,3,4353,Shamela0009783BK1-ara1.mARkdown,142,1553,Shamela0009783BK1,0310Tabari.Tarikh,2343,f,f
-1637568312262761141,5274941812924222394,94489392367,3,2343,JK000911-ara1.mARkdown,1,1594,JK000911,0630IbnAthirCizzDin.Kamil,2343,f,f
751244066932724237,-5846110217919951192,77309626838,5,2737,Shamela0012406-ara1.mARkdown,721,1567,Shamela0012406,0597IbnJawzi.Muntazam,2344,f,f
-3169879908647484380,-7266244383407263105,77309626838,5,4965,Shamela0004445-ara1.completed,587,1380,Shamela0004445,0774IbnKathir.Bidaya,2344,f,f
6046505919346559219,-6788471551444052522,77309626838,5,4355,Shamela0009783BK1-ara1.mARkdown,522,1560,Shamela0009783BK1,0310Tabari.Tarikh,2344,f,f
-599990405611682277,5274941812924222394,77309626838,5,2344,JK000911-ara1.mARkdown,1017,1624,JK000911,0630IbnAthirCizzDin.Kamil,2344,f,f
5341921108377623773,-6788471551444052522,77309596361,3,4354,Shamela0009783BK1-ara1.mARkdown,91,1294,Shamela0009783BK1,0310Tabari.Tarikh,2344,f,f
-599990405611682277,5274941812924222394,77309596361,3,2344,JK000911-ara1.mARkdown,8,948,JK000911,0630IbnAthirCizzDin.Kamil,2344,f,f
-599990405611682277,5274941812924222394,214748413600,2,2344,JK000911-ara1.mARkdown,852,1011,JK000911,0630IbnAthirCizzDin.Kamil,2344,f,f
6034136687638630562,-8847499927051533263,214748413600,2,731,Shia001344Vols-ara1,1227,1386,Shia001344Vols,0573IbnHibatAllahQutbDinRawandi.Kharaij,2344,f,f
3816495974220495523,-166781166239542393,214748564956,2,5088,Shamela0010283-ara1.mARkdown,1,796,Shamela0010283,0733Nuwayri.NihayatArab,2344,f,f
-599990405611682277,5274941812924222394,214748564956,2,2344,JK000911-ara1.mARkdown,697,1543,JK000911,0630IbnAthirCizzDin.Kamil,2344,f,f
-3169879908647484380,-7266244383407263105,214748564958,2,4965,Shamela0004445-ara1.completed,44,583,Shamela0004445,0774IbnKathir.Bidaya,2344,f,f
-599990405611682277,5274941812924222394,214748564958,2,2344,JK000911-ara1.mARkdown,327,789,JK000911,0630IbnAthirCizzDin.Kamil,2344,f,f
4190111141926474670,-166781166239542393,214748564960,2,5087,Shamela0010283-ara1.mARkdown,1171,1595,Shamela0010283,0733Nuwayri.NihayatArab,2344,f,f
-599990405611682277,5274941812924222394,214748564960,2,2344,JK000911-ara1.mARkdown,8,697,JK000911,0630IbnAthirCizzDin.Kamil,2344,f,f
3072865572948392306,-5846110217919951192,515396242395,2,2738,Shamela0012406-ara1.mARkdown,1,917,Shamela0012406,0597IbnJawzi.Muntazam,2345,f,f
2637667879681021724,5274941812924222394,515396242395,2,2345,JK000911-ara1.mARkdown,226,1355,JK000911,0630IbnAthirCizzDin.Kamil,2345,f,f
4632253714053382411,-6788471551444052522,360777318334,3,4356,Shamela0009783BK1-ara1.mARkdown,7,1346,Shamela0009783BK1,0310Tabari.Tarikh,2345,f,f
2637667879681021724,5274941812924222394,360777318334,3,2345,JK000911-ara1.mARkdown,23,1021,JK000911,0630IbnAthirCizzDin.Kamil,2345,f,f
1627511520595285107,-6788471551444052522,214748480667,3,4359,Shamela0009783BK1-ara1.mARkdown,1408,1577,Shamela0009783BK1,0310Tabari.Tarikh,2345,f,f
2637667879681021724,5274941812924222394,214748480667,3,2345,JK000911-ara1.mARkdown,1262,1578,JK000911,0630IbnAthirCizzDin.Kamil,2345,f,f
4632253714053382411,-6788471551444052522,309237861382,4,4356,Shamela0009783BK1-ara1.mARkdown,70,633,Shamela0009783BK1,0310Tabari.Tarikh,2345,f,f
2637667879681021724,5274941812924222394,309237861382,4,2345,JK000911-ara1.mARkdown,1,479,JK000911,0630IbnAthirCizzDin.Kamil,2345,f,f
96446268418220244,-227920819258606688,309237861382,4,1115,Shamela0012396-ara1.completed,1055,1646,Shamela0012396,0421Miskawayh.Tajarib,2345,f,f
5904182234566617417,-6788471551444052522,463856570047,3,4360,Shamela0009783BK1-ara1.mARkdown,1,144,Shamela0009783BK1,0310Tabari.Tarikh,2345,f,f
2637667879681021724,5274941812924222394,463856570047,3,2345,JK000911-ara1.mARkdown,1433,1584,JK000911,0630IbnAthirCizzDin.Kamil,2345,f,f
-7970220027364936700,5411657526454856293,180388696996,4,5252,SHAM19Y23644-ara1,289,595,SHAM19Y23644,0654SibtIbnJawzi.MiratZaman,2346,f,f
5904182234566617417,-6788471551444052522,180388696996,4,4360,Shamela0009783BK1-ara1.mARkdown,401,749,Shamela0009783BK1,0310Tabari.Tarikh,2346,f,f
-8664489756431882133,5274941812924222394,180388696996,4,2346,JK000911-ara1.mARkdown,6,312,JK000911,0630IbnAthirCizzDin.Kamil,2346,f,f
-2106493340781594951,-166781166239542393,180388696995,2,5363,Shamela0010283-ara1.mARkdown,120,680,Shamela0010283,0733Nuwayri.NihayatArab,2346,f,f
-8664489756431882133,5274941812924222394,180388696995,2,2346,JK000911-ara1.mARkdown,312,1004,JK000911,0630IbnAthirCizzDin.Kamil,2346,f,f
-5277283360649560438,-6614833695216851644,309237842945,2,344,Shamela0012715-ara1.mARkdown,257,382,Shamela0012715,0732AbuFida.MukhtasarFiAkhbar,2347,f,f
-1274944996863413078,5274941812924222394,309237842945,2,2347,JK000911-ara1.mARkdown,225,473,JK000911,0630IbnAthirCizzDin.Kamil,2347,f,f
-246338072486404238,-6788471551444052522,8590134852,3,4362,Shamela0009783BK1-ara1.mARkdown,338,749,Shamela0009783BK1,0310Tabari.Tarikh,2347,f,f
-1274944996863413078,5274941812924222394,8590134852,3,2347,JK000911-ara1.mARkdown,869,1140,JK000911,0630IbnAthirCizzDin.Kamil,2347,f,f
-2106493340781594951,-166781166239542393,309237842944,2,5363,Shamela0010283-ara1.mARkdown,716,907,Shamela0010283,0733Nuwayri.NihayatArab,2347,f,f
-1274944996863413078,5274941812924222394,309237842944,2,2347,JK000911-ara1.mARkdown,1182,1460,JK000911,0630IbnAthirCizzDin.Kamil,2347,f,f
3816495974220495523,-166781166239542393,101476,4,5088,Shamela0010283-ara1.mARkdown,828,1164,Shamela0010283,0733Nuwayri.NihayatArab,2347,f,f
6831281894204738349,-5846110217919951192,101476,4,2745,Shamela0012406-ara1.mARkdown,433,1025,Shamela0012406,0597IbnJawzi.Muntazam,2347,f,f
5904182234566617417,-6788471551444052522,101476,4,4360,Shamela0009783BK1-ara1.mARkdown,757,1312,Shamela0009783BK1,0310Tabari.Tarikh,2347,f,f
-1274944996863413078,5274941812924222394,101476,4,2347,JK000911-ara1.mARkdown,444,1080,JK000911,0630IbnAthirCizzDin.Kamil,2347,f,f
6831281894204738349,-5846110217919951192,101473,5,2745,Shamela0012406-ara1.mARkdown,257,741,Shamela0012406,0597IbnJawzi.Muntazam,2347,f,f
-3181032524317659151,5411657526454856293,101473,5,5261,SHAM19Y23644-ara1,899,1515,SHAM19Y23644,0654SibtIbnJawzi.MiratZaman,2347,f,f
5904182234566617417,-6788471551444052522,101473,5,4360,Shamela0009783BK1-ara1.mARkdown,749,1591,Shamela0009783BK1,0310Tabari.Tarikh,2347,f,f
-1274944996863413078,5274941812924222394,101473,5,2347,JK000911-ara1.mARkdown,400,859,JK000911,0630IbnAthirCizzDin.Kamil,2347,f,f
6831281894204738349,-5846110217919951192,101471,2,2745,Shamela0012406-ara1.mARkdown,257,1025,Shamela0012406,0597IbnJawzi.Muntazam,2347,f,f
-1274944996863413078,5274941812924222394,101471,2,2347,JK000911-ara1.mARkdown,436,1080,JK000911,0630IbnAthirCizzDin.Kamil,2347,f,f
6821879496689894578,-166781166239542393,8590089884,2,5089,Shamela0010283-ara1.mARkdown,1,840,Shamela0010283,0733Nuwayri.NihayatArab,2348,f,f
5228431166829456119,5274941812924222394,8590089884,2,2348,JK000911-ara1.mARkdown,484,1547,JK000911,0630IbnAthirCizzDin.Kamil,2348,f,f
5782903963766559843,-5846110217919951192,292057987741,2,2755,Shamela0012406-ara1.mARkdown,14,922,Shamela0012406,0597IbnJawzi.Muntazam,2348,f,f
5228431166829456119,5274941812924222394,292057987741,2,2348,JK000911-ara1.mARkdown,251,1497,JK000911,0630IbnAthirCizzDin.Kamil,2348,f,f
7905686705847750443,-6788471551444052522,317827732663,3,4363,Shamela0009783BK1-ara1.mARkdown,1169,1524,Shamela0009783BK1,0310Tabari.Tarikh,2348,f,f
5228431166829456119,5274941812924222394,317827732663,3,2348,JK000911-ara1.mARkdown,1065,1331,JK000911,0630IbnAthirCizzDin.Kamil,2348,f,f
3816495974220495523,-166781166239542393,8590134848,4,5088,Shamela0010283-ara1.mARkdown,1055,1615,Shamela0010283,0733Nuwayri.NihayatArab,2348,f,f
-246338072486404238,-6788471551444052522,8590134848,4,4362,Shamela0009783BK1-ara1.mARkdown,528,1536,Shamela0009783BK1,0310Tabari.Tarikh,2348,f,f
5228431166829456119,5274941812924222394,8590134848,4,2348,JK000911-ara1.mARkdown,35,638,JK000911,0630IbnAthirCizzDin.Kamil,2348,f,f
7905686705847750443,-6788471551444052522,317827732666,3,4363,Shamela0009783BK1-ara1.mARkdown,1,752,Shamela0009783BK1,0310Tabari.Tarikh,2348,f,f
5228431166829456119,5274941812924222394,317827732666,3,2348,JK000911-ara1.mARkdown,520,1039,JK000911,0630IbnAthirCizzDin.Kamil,2348,f,f
5782903963766559843,-5846110217919951192,292057987744,4,2755,Shamela0012406-ara1.mARkdown,953,1318,Shamela0012406,0597IbnJawzi.Muntazam,2349,f,f
-804824517750658666,-6788471551444052522,292057987744,4,4365,Shamela0009783BK1-ara1.mARkdown,1,844,Shamela0009783BK1,0310Tabari.Tarikh,2349,f,f
-3501876369897672898,5274941812924222394,292057987744,4,2349,JK000911-ara1.mARkdown,178,826,JK000911,0630IbnAthirCizzDin.Kamil,2349,f,f
-804824517750658666,-6788471551444052522,171798801168,5,4365,Shamela0009783BK1-ara1.mARkdown,937,1516,Shamela0009783BK1,0310Tabari.Tarikh,2349,f,f
-3501876369897672898,5274941812924222394,171798801168,5,2349,JK000911-ara1.mARkdown,924,1329,JK000911,0630IbnAthirCizzDin.Kamil,2349,f,f
-3548768430883776233,-227920819258606688,171798801168,5,1117,Shamela0012396-ara1.completed,768,1281,Shamela0012396,0421Miskawayh.Tajarib,2349,f,f
6821879496689894578,-166781166239542393,8590089885,5,5089,Shamela0010283-ara1.mARkdown,840,1578,Shamela0010283,0733Nuwayri.NihayatArab,2349,f,f
-804824517750658666,-6788471551444052522,8590089885,5,4365,Shamela0009783BK1-ara1.mARkdown,161,1083,Shamela0009783BK1,0310Tabari.Tarikh,2349,f,f
-3501876369897672898,5274941812924222394,8590089885,5,2349,JK000911-ara1.mARkdown,46,1053,JK000911,0630IbnAthirCizzDin.Kamil,2349,f,f
-3548768430883776233,-227920819258606688,8590089885,5,1117,Shamela0012396-ara1.completed,236,898,Shamela0012396,0421Miskawayh.Tajarib,2349,f,f
-804824517750658666,-6788471551444052522,309237779945,3,4365,Shamela0009783BK1-ara1.mARkdown,1,1516,Shamela0009783BK1,0310Tabari.Tarikh,2349,f,f
-3501876369897672898,5274941812924222394,309237779945,3,2349,JK000911-ara1.mARkdown,235,1329,JK000911,0630IbnAthirCizzDin.Kamil,2349,f,f
5993839378096470708,5411657526454856293,266288137184,3,5297,SHAM19Y23644-ara1,1098,1426,SHAM19Y23644,0654SibtIbnJawzi.MiratZaman,2349,f,f
-3501876369897672898,5274941812924222394,266288137184,3,2349,JK000911-ara1.mARkdown,21,427,JK000911,0630IbnAthirCizzDin.Kamil,2349,f,f
-3501876369897672898,5274941812924222394,171798801165,2,2349,JK000911-ara1.mARkdown,471,1516,JK000911,0630IbnAthirCizzDin.Kamil,2349,f,f
-3548768430883776233,-227920819258606688,171798801165,2,1117,Shamela0012396-ara1.completed,328,1531,Shamela0012396,0421Miskawayh.Tajarib,2349,f,f
-3501876369897672898,5274941812924222394,171798801169,4,2349,JK000911-ara1.mARkdown,572,1001,JK000911,0630IbnAthirCizzDin.Kamil,2349,f,f
-3548768430883776233,-227920819258606688,171798801169,4,1117,Shamela0012396-ara1.completed,465,861,Shamela0012396,0421Miskawayh.Tajarib,2349,f,f
-6605776911130319517,-166781166239542393,403726948848,2,5090,Shamela0010283-ara1.mARkdown,9,291,Shamela0010283,0733Nuwayri.NihayatArab,2349,f,f
-3501876369897672898,5274941812924222394,403726948848,2,2349,JK000911-ara1.mARkdown,1099,1512,JK000911,0630IbnAthirCizzDin.Kamil,2349,f,f
-7881942607859132048,-6788471551444052522,283467895380,3,4366,Shamela0009783BK1-ara1.mARkdown,213,734,Shamela0009783BK1,0310Tabari.Tarikh,2349,f,f
-3501876369897672898,5274941812924222394,283467895380,3,2349,JK000911-ara1.mARkdown,1045,1521,JK000911,0630IbnAthirCizzDin.Kamil,2349,f,f
-7881942607859132048,-6788471551444052522,34359789973,4,4366,Shamela0009783BK1-ara1.mARkdown,734,1528,Shamela0009783BK1,0310Tabari.Tarikh,2350,f,f
7718180618551301084,5274941812924222394,34359789973,4,2350,JK000911-ara1.mARkdown,1,789,JK000911,0630IbnAthirCizzDin.Kamil,2350,f,f
-6802353895976480454,-227920819258606688,34359789973,4,1118,Shamela0012396-ara1.completed,1,659,Shamela0012396,0421Miskawayh.Tajarib,2350,f,f
-6605776911130319517,-166781166239542393,34359789971,3,5090,Shamela0010283-ara1.mARkdown,320,1315,Shamela0010283,0733Nuwayri.NihayatArab,2350,f,f
7718180618551301084,5274941812924222394,34359789971,3,2350,JK000911-ara1.mARkdown,17,1279,JK000911,0630IbnAthirCizzDin.Kamil,2350,f,f
-6802353895976480454,-227920819258606688,34359789971,3,1118,Shamela0012396-ara1.completed,1,980,Shamela0012396,0421Miskawayh.Tajarib,2350,f,f
-8503907328858213451,5411657526454856293,34359789974,4,5299,SHAM19Y23644-ara1,11,235,SHAM19Y23644,0654SibtIbnJawzi.MiratZaman,2350,f,f
7005947826805218538,-6788471551444052522,34359789974,4,4367,Shamela0009783BK1-ara1.mARkdown,687,889,Shamela0009783BK1,0310Tabari.Tarikh,2350,f,f
7718180618551301084,5274941812924222394,34359789974,4,2350,JK000911-ara1.mARkdown,928,1191,JK000911,0630IbnAthirCizzDin.Kamil,2350,f,f
7005947826805218538,-6788471551444052522,34359789972,3,4367,Shamela0009783BK1-ara1.mARkdown,137,1551,Shamela0009783BK1,0310Tabari.Tarikh,2350,f,f
7718180618551301084,5274941812924222394,34359789972,3,2350,JK000911-ara1.mARkdown,684,1615,JK000911,0630IbnAthirCizzDin.Kamil,2350,f,f
7934038650464837367,5274941812924222394,120259172145,3,2351,JK000911-ara1.mARkdown,361,970,JK000911,0630IbnAthirCizzDin.Kamil,2351,f,f
8541450995394414522,-227920819258606688,120259172145,3,1119,Shamela0012396-ara1.completed,1,749,Shamela0012396,0421Miskawayh.Tajarib,2351,f,f
-2209223990062671948,-6788471551444052522,360777363887,2,4370,Shamela0009783BK1-ara1.mARkdown,27,267,Shamela0009783BK1,0310Tabari.Tarikh,2351,f,f
7934038650464837367,5274941812924222394,360777363887,2,2351,JK000911-ara1.mARkdown,1406,1569,JK000911,0630IbnAthirCizzDin.Kamil,2351,f,f
-6605776911130319517,-166781166239542393,317827677853,5,5090,Shamela0010283-ara1.mARkdown,1357,1597,Shamela0010283,0733Nuwayri.NihayatArab,2351,f,f
-8401927989600724988,-6788471551444052522,317827677853,5,4368,Shamela0009783BK1-ara1.mARkdown,370,1070,Shamela0009783BK1,0310Tabari.Tarikh,2351,f,f
7934038650464837367,5274941812924222394,317827677853,5,2351,JK000911-ara1.mARkdown,1,334,JK000911,0630IbnAthirCizzDin.Kamil,2351,f,f
-6802353895976480454,-227920819258606688,317827677853,5,1118,Shamela0012396-ara1.completed,898,1248,Shamela0012396,0421Miskawayh.Tajarib,2351,f,f
-5671491645693647402,-166781166239542393,8589936812,7,5091,Shamela0010283-ara1.mARkdown,1051,1253,Shamela0010283,0733Nuwayri.NihayatArab,2351,f,f
573119448177352114,5411657526454856293,8589936812,7,5301,SHAM19Y23644-ara1,87,366,SHAM19Y23644,0654SibtIbnJawzi.MiratZaman,2351,f,f
7446114495936867518,-6788471551444052522,8589936812,7,4369,Shamela0009783BK1-ara1.mARkdown,1307,1474,Shamela0009783BK1,0310Tabari.Tarikh,2351,f,f
7934038650464837367,5274941812924222394,8589936812,7,2351,JK000911-ara1.mARkdown,1234,1440,JK000911,0630IbnAthirCizzDin.Kamil,2351,f,f
-7420694432008492250,5866561922135011220,8589936812,7,727,Sham19Y0000760-ara1,490,807,Sham19Y0000760,0619AbuCabbasSharishi.SharhMaqamatHariri,2351,f,f
3424817140316194239,-4800100048656501593,8589936812,7,97,Shamela0005363-ara1,749,1017,Shamela0005363,0480IbnHilalSabi.HafawatNadira,2351,f,f
-5671491645693647402,-166781166239542393,8589936809,5,5091,Shamela0010283-ara1.mARkdown,194,604,Shamela0010283,0733Nuwayri.NihayatArab,2351,f,f
7446114495936867518,-6788471551444052522,8589936809,5,4369,Shamela0009783BK1-ara1.mARkdown,1,696,Shamela0009783BK1,0310Tabari.Tarikh,2351,f,f
7934038650464837367,5274941812924222394,8589936809,5,2351,JK000911-ara1.mARkdown,685,1239,JK000911,0630IbnAthirCizzDin.Kamil,2351,f,f
-1704212691476679800,-1418907385118863767,8589936809,5,227,Shamela0001000-ara1.completed,937,1189,Shamela0001000,0681IbnKhallikan.WafayatAcyan,2351,f,f
-8503907328858213451,5411657526454856293,386547282439,2,5299,SHAM19Y23644-ara1,815,1384,SHAM19Y23644,0654SibtIbnJawzi.MiratZaman,2351,f,f
7934038650464837367,5274941812924222394,386547282439,2,2351,JK000911-ara1.mARkdown,27,970,JK000911,0630IbnAthirCizzDin.Kamil,2351,f,f
-8401927989600724988,-6788471551444052522,317827677852,3,4368,Shamela0009783BK1-ara1.mARkdown,78,1526,Shamela0009783BK1,0310Tabari.Tarikh,2351,f,f
7934038650464837367,5274941812924222394,317827677852,3,2351,JK000911-ara1.mARkdown,1,756,JK000911,0630IbnAthirCizzDin.Kamil,2351,f,f
-5671491645693647402,-166781166239542393,214748385828,2,5091,Shamela0010283-ara1.mARkdown,1,1335,Shamela0010283,0733Nuwayri.NihayatArab,2351,f,f
7934038650464837367,5274941812924222394,214748385828,2,2351,JK000911-ara1.mARkdown,548,1550,JK000911,0630IbnAthirCizzDin.Kamil,2351,f,f
9192160650982932775,5411657526454856293,25769891578,4,5294,SHAM19Y23644-ara1,414,773,SHAM19Y23644,0654SibtIbnJawzi.MiratZaman,2352,f,f
-2209223990062671948,-6788471551444052522,25769891578,4,4370,Shamela0009783BK1-ara1.mARkdown,724,1088,Shamela0009783BK1,0310Tabari.Tarikh,2352,f,f
2151983299135081974,5274941812924222394,25769891578,4,2352,JK000911-ara1.mARkdown,546,906,JK000911,0630IbnAthirCizzDin.Kamil,2352,f,f
-6238778471141162566,-6788471551444052522,283467887540,3,4372,Shamela0009783BK1-ara1.mARkdown,113,834,Shamela0009783BK1,0310Tabari.Tarikh,2352,f,f
2151983299135081974,5274941812924222394,283467887540,3,2352,JK000911-ara1.mARkdown,911,1570,JK000911,0630IbnAthirCizzDin.Kamil,2352,f,f
-2209223990062671948,-6788471551444052522,154618930508,3,4370,Shamela0009783BK1-ara1.mARkdown,267,1088,Shamela0009783BK1,0310Tabari.Tarikh,2352,f,f
2151983299135081974,5274941812924222394,154618930508,3,2352,JK000911-ara1.mARkdown,1,906,JK000911,0630IbnAthirCizzDin.Kamil,2352,f,f
-8872238713155352404,-4696875300118925639,25769891575,7,4931,JK000927-ara1.completed,1,426,JK000927,0362AbuFarajIsbahani.Aghani,2352,f,f
9192160650982932775,5411657526454856293,25769891575,7,5294,SHAM19Y23644-ara1,213,731,SHAM19Y23644,0654SibtIbnJawzi.MiratZaman,2352,f,f
-2209223990062671948,-6788471551444052522,25769891575,7,4370,Shamela0009783BK1-ara1.mARkdown,373,1025,Shamela0009783BK1,0310Tabari.Tarikh,2352,f,f
2151983299135081974,5274941812924222394,25769891575,7,2352,JK000911-ara1.mARkdown,273,848,JK000911,0630IbnAthirCizzDin.Kamil,2352,f,f
1086684102468363912,-6788471551444052522,25769935513,2,4373,Shamela0009783BK1-ara1.mARkdown,46,1371,Shamela0009783BK1,0310Tabari.Tarikh,2353,f,f
3734785394811821487,5274941812924222394,25769935513,2,2353,JK000911-ara1.mARkdown,530,1556,JK000911,0630IbnAthirCizzDin.Kamil,2353,f,f
3734785394811821487,5274941812924222394,506806361016,2,2353,JK000911-ara1.mARkdown,865,1556,JK000911,0630IbnAthirCizzDin.Kamil,2353,f,f
-6238778471141162566,-6788471551444052522,369367382744,3,4372,Shamela0009783BK1-ara1.mARkdown,907,1513,Shamela0009783BK1,0310Tabari.Tarikh,2353,f,f
3734785394811821487,5274941812924222394,369367382744,3,2353,JK000911-ara1.mARkdown,1,574,JK000911,0630IbnAthirCizzDin.Kamil,2353,f,f
