,section,st_pos,mid_pos,first-century,pre-fatimid,fatimid,ayyubid,bahri-mamluk,circassian-mamluk
0,1,0,148.5,0,0,0,0,0,0
1,2,297,450.0,0,0,0,0,0,0
2,3,603,761.0,0,0,0,0,0,0
3,4,919,1076.0,0,0,0,0,0,0
4,5,1233,1389.0,0,0,0,0,1,0
5,6,1545,1703.5,0,0,0,0,0,0
6,7,1862,2021.5,2,0,2,0,0,0
7,8,2181,2344.0,4,0,0,0,2,1
8,9,2507,2666.5,0,0,0,0,0,0
9,10,2826,2983.0,0,0,0,0,0,0
10,11,3140,3292.0,0,0,0,0,0,0
11,12,3444,3598.0,0,0,0,0,0,0
12,13,3752,3907.0,0,0,0,0,0,0
13,14,4062,4231.0,0,0,0,0,0,0
14,15,4400,4556.0,0,0,0,0,0,0
15,16,4712,4868.5,0,0,0,0,0,0
16,17,5025,5178.0,0,0,0,0,0,0
17,18,5331,5486.5,0,0,0,0,0,0
18,19,5642,5796.5,0,0,0,0,0,0
19,20,5951,6104.0,0,0,0,0,0,0
20,21,6257,6410.5,0,0,0,0,0,0
21,22,6564,6716.5,0,0,0,0,0,0
22,23,6869,7022.5,0,0,0,0,0,0
23,24,7176,7329.5,0,0,0,0,0,0
24,25,7483,7634.5,0,0,0,0,0,0
25,26,7786,7940.5,0,0,0,0,0,0
26,27,8095,8249.5,0,0,0,0,0,0
27,28,8404,8561.0,0,0,0,0,0,0
28,29,8718,8871.0,0,0,0,0,0,0
29,30,9024,9175.5,0,0,0,0,0,0
30,31,9327,9480.0,0,0,0,0,0,0
31,32,9633,9793.0,0,0,0,0,0,0
32,33,9953,10105.0,0,0,0,0,0,0
33,34,10257,10412.5,0,0,0,0,0,0
34,35,10568,10721.0,0,0,0,0,0,0
35,36,10874,11029.0,0,0,0,0,0,0
36,37,11184,11341.0,0,0,0,0,0,0
37,38,11498,11649.0,0,0,0,0,0,0
38,39,11800,11953.5,0,0,0,0,0,0
39,40,12107,12262.0,0,0,0,0,0,0
40,41,12417,12579.0,1,0,0,0,0,0
41,42,12741,12894.5,0,0,0,0,0,0
42,43,13048,13201.0,0,0,0,0,0,0
43,44,13354,13512.0,0,0,0,0,0,0
44,45,13670,13832.5,0,0,0,0,0,0
45,46,13995,14161.5,0,0,0,0,0,0
46,47,14328,14490.0,0,0,0,0,0,0
47,48,14652,14815.5,0,0,0,0,0,0
48,49,14979,15142.0,0,0,0,0,0,0
49,50,15305,15471.5,0,0,0,0,0,0
50,51,15638,15799.0,0,0,0,0,0,0
51,52,15960,16117.0,0,0,0,0,0,0
52,53,16274,16430.0,0,0,0,0,0,0
53,54,16586,16740.0,0,0,0,0,0,0
54,55,16894,17049.0,0,0,0,0,0,0
55,56,17204,17356.0,0,0,0,0,0,0
56,57,17508,17662.0,0,0,0,0,0,0
57,58,17816,17975.5,0,0,0,0,0,0
58,59,18135,18289.0,0,0,0,0,0,0
59,60,18443,18601.0,0,0,0,0,1,0
60,61,18759,18912.5,1,1,0,0,0,0
61,62,19066,19220.5,0,0,0,0,0,0
62,63,19375,19530.0,0,0,0,0,0,0
63,64,19685,19839.5,1,0,0,0,0,0
64,65,19994,20149.5,0,0,0,0,0,0
65,66,20305,20461.5,1,0,0,0,0,0
66,67,20618,20775.0,0,0,0,0,0,0
67,68,20932,21091.0,0,0,0,0,0,0
68,69,21250,21404.5,0,0,0,0,0,0
69,70,21559,21712.0,0,0,0,0,0,0
70,71,21865,22018.5,0,0,0,0,0,0
71,72,22172,22326.0,0,0,0,0,0,0
72,73,22480,22635.0,0,0,0,0,0,0
73,74,22790,22942.5,0,0,0,0,0,0
74,75,23095,23250.0,1,0,0,0,0,0
75,76,23405,23559.5,0,0,0,0,0,0
76,77,23714,23867.0,0,0,0,0,0,0
77,78,24020,24174.5,0,1,0,0,0,0
78,79,24329,24483.5,0,0,0,0,0,0
79,80,24638,24791.5,0,0,0,0,0,0
80,81,24945,25099.0,0,0,0,0,0,0
81,82,25253,25406.5,0,0,0,0,0,0
82,83,25560,25714.5,0,0,0,0,0,0
83,84,25869,26023.0,0,0,0,0,0,0
84,85,26177,26331.0,0,0,0,0,0,0
85,86,26485,26637.0,0,0,0,0,0,0
86,87,26789,26943.5,0,0,0,0,0,0
87,88,27098,27253.5,0,0,0,0,0,0
88,89,27409,27565.0,0,0,0,0,0,0
89,90,27721,27877.0,0,0,0,0,0,0
90,91,28033,28187.0,0,0,0,0,0,0
91,92,28341,28494.0,0,2,0,0,0,0
92,93,28647,28804.0,0,0,0,0,0,0
93,94,28961,29121.0,0,0,0,0,0,0
94,95,29281,29437.0,0,0,0,0,0,0
95,96,29593,29745.5,0,0,0,0,0,0
96,97,29898,30053.0,0,0,0,0,0,0
97,98,30208,30362.5,0,0,0,0,0,0
98,99,30517,30673.0,0,0,0,0,0,0
99,100,30829,30981.5,0,0,0,0,0,0
100,101,31134,31288.0,0,0,0,0,0,0
101,102,31442,31599.5,0,0,0,0,0,0
102,103,31757,31911.0,0,0,0,0,0,0
103,104,32065,32219.0,0,0,0,0,0,0
104,105,32373,32527.0,0,0,0,0,0,0
105,106,32681,32834.0,0,0,0,0,0,0
106,107,32987,33141.0,0,0,0,0,0,0
107,108,33295,33448.0,0,0,0,0,0,0
108,109,33601,33760.5,1,0,1,0,0,0
109,110,33920,34078.0,3,0,0,0,0,0
110,111,34236,34392.5,0,0,0,0,0,0
111,112,34549,34705.0,0,0,0,0,0,0
112,113,34861,35018.5,0,0,0,0,0,0
113,114,35176,35333.5,0,0,0,0,0,0
114,115,35491,35646.0,0,0,0,0,0,0
115,116,35801,35955.5,0,0,0,0,0,0
116,117,36110,36262.5,0,0,0,0,0,0
117,118,36415,36568.0,0,0,0,0,0,0
118,119,36721,36878.5,0,0,0,0,0,0
119,120,37036,37191.0,0,0,0,0,0,0
120,121,37346,37500.0,0,0,0,0,0,0
121,122,37654,37808.0,0,0,0,0,0,0
122,123,37962,38117.0,0,0,0,0,0,0
123,124,38272,38427.5,0,0,0,0,0,0
124,125,38583,38736.5,0,0,0,0,0,0
125,126,38890,39044.5,0,0,0,0,0,0
126,127,39199,39353.0,0,0,0,0,0,0
127,128,39507,39660.5,0,0,0,0,0,0
128,129,39814,39968.0,0,0,0,0,0,0
129,130,40122,40282.5,0,0,0,0,0,0
130,131,40443,40600.0,1,3,0,0,0,0
131,132,40757,40911.5,0,0,0,0,0,0
132,133,41066,41220.0,0,0,0,0,0,0
133,134,41374,41531.0,0,4,0,0,0,0
134,135,41688,41847.5,0,0,0,0,0,0
135,136,42007,42165.5,0,1,0,0,0,0
136,137,42324,42480.0,0,0,2,1,0,1
137,138,42636,42795.5,0,0,1,1,1,1
138,139,42955,43107.0,0,0,0,0,0,0
139,140,43259,43416.0,1,0,0,0,0,0
140,141,43573,43726.0,0,0,0,0,0,0
141,142,43879,44035.5,0,0,0,0,0,0
142,143,44192,44353.5,0,0,0,0,0,0
143,144,44515,44693.0,0,0,0,0,0,0
144,145,44871,45026.5,0,0,0,0,0,0
145,146,45182,45334.0,0,0,0,0,0,0
146,147,45486,45640.0,0,0,0,0,0,0
147,148,45794,45950.0,0,0,0,0,0,0
148,149,46106,46262.5,0,0,0,0,0,0
149,150,46419,46573.0,0,0,0,0,0,0
150,151,46727,46879.5,0,0,0,0,0,0
151,152,47032,47186.0,0,0,0,0,0,0
152,153,47340,47495.0,0,0,0,0,0,0
153,154,47650,47807.0,0,0,0,0,0,0
154,155,47964,48117.0,0,0,0,0,0,0
155,156,48270,48429.0,1,0,0,0,1,0
156,157,48588,48743.5,1,0,0,0,0,0
157,158,48899,49057.5,0,0,0,0,1,0
158,159,49216,49376.0,0,0,0,0,0,0
159,160,49536,49692.0,0,0,0,0,0,0
160,161,49848,50003.5,0,0,0,0,0,0
161,162,50159,50316.0,0,0,0,0,0,0
162,163,50473,50634.0,0,1,1,0,1,0
163,164,50795,50950.0,0,0,0,0,0,0
164,165,51105,51258.5,0,0,0,0,0,0
165,166,51412,51566.5,0,0,0,0,0,0
166,167,51721,51878.0,0,1,0,0,0,0
167,168,52035,52191.0,0,0,0,0,0,0
168,169,52347,52502.0,1,0,0,0,0,0
169,170,52657,52814.0,0,0,0,0,0,0
170,171,52971,53127.5,0,0,0,0,0,0
171,172,53284,53436.0,0,0,0,0,0,0
172,173,53588,53747.0,0,0,0,0,0,0
173,174,53906,54061.0,0,0,0,0,0,0
174,175,54216,54372.0,0,0,0,0,0,0
175,176,54528,54683.0,0,0,0,0,0,0
176,177,54838,54993.5,0,0,0,0,0,0
177,178,55149,55302.0,0,0,0,0,0,0
178,179,55455,55608.0,0,0,0,0,0,0
179,180,55761,55919.0,1,0,0,0,0,0
180,181,56077,56235.0,0,4,0,0,0,0
181,182,56393,56549.0,0,3,0,0,0,0
182,183,56705,56861.0,0,2,0,0,0,0
183,184,57017,57173.5,0,4,0,0,0,0
184,185,57330,57486.0,0,3,0,0,0,0
185,186,57642,57796.0,0,0,0,0,0,0
186,187,57950,58105.5,0,0,0,0,0,0
187,188,58261,58417.5,0,0,1,0,0,0
188,189,58574,58728.5,0,0,1,0,0,0
189,190,58883,59039.5,0,0,4,0,0,0
190,191,59196,59347.0,0,0,0,0,0,0
191,192,59498,59651.0,0,0,0,0,0,0
192,193,59804,59959.0,1,0,0,0,0,0
193,194,60114,60267.5,0,0,0,0,0,0
194,195,60421,60573.0,1,0,0,0,0,0
195,196,60725,60879.5,0,0,0,0,0,0
196,197,61034,61190.0,0,0,0,0,0,0
197,198,61346,61503.0,0,0,0,3,0,0
198,199,61660,61816.5,0,0,0,1,0,0
199,200,61973,62134.5,2,0,0,2,0,0
200,201,62296,62448.5,0,0,0,0,1,0
201,202,62601,62755.5,1,0,0,0,0,0
202,203,62910,63064.0,0,0,0,0,0,0
203,204,63218,63373.5,0,0,0,0,0,0
204,205,63529,63683.0,0,0,0,0,0,0
205,206,63837,63991.0,1,0,0,0,1,0
206,207,64145,64299.5,1,0,0,0,0,0
207,208,64454,64610.0,0,0,0,0,0,2
208,209,64766,64921.5,0,0,0,0,0,0
209,210,65077,65231.0,0,0,0,0,0,0
210,211,65385,65545.5,3,0,0,0,0,0
211,212,65706,65859.0,0,0,0,0,0,0
212,213,66012,66164.0,0,0,0,0,0,0
213,214,66316,66471.0,2,0,0,0,0,0
214,215,66626,66783.0,0,2,0,0,0,0
215,216,66940,67094.5,0,0,0,0,0,0
216,217,67249,67401.5,0,0,0,0,0,1
217,218,67554,67710.0,0,0,0,0,0,0
218,219,67866,68022.0,0,0,0,0,0,0
219,220,68178,68332.0,0,0,0,0,0,0
220,221,68486,68638.5,1,0,0,0,0,0
221,222,68791,68945.5,0,0,0,0,0,0
222,223,69100,69255.5,0,0,0,0,0,0
223,224,69411,69567.0,0,0,0,0,0,0
224,225,69723,69878.0,2,1,0,0,0,0
225,226,70033,70188.5,0,0,0,0,0,0
226,227,70344,70499.5,0,1,0,0,0,0
227,228,70655,70811.5,0,1,0,0,0,0
228,229,70968,71124.0,0,0,7,0,0,0
229,230,71280,71437.5,0,0,1,1,0,0
230,231,71595,71749.0,0,0,0,0,0,0
231,232,71903,72061.0,0,0,0,0,0,1
232,233,72219,72375.0,0,0,0,1,0,0
233,234,72531,72687.0,0,0,0,0,0,0
234,235,72843,72995.0,0,0,0,0,0,0
235,236,73147,73311.0,0,0,0,0,0,0
236,237,73475,73631.0,0,0,0,0,0,0
237,238,73787,73942.5,0,2,0,0,0,0
238,239,74098,74252.0,0,0,0,0,0,0
239,240,74406,74562.0,0,0,1,0,0,0
240,241,74718,74873.0,0,0,0,2,0,0
241,242,75028,75185.5,1,0,0,0,2,0
242,243,75343,75504.5,2,0,0,0,4,0
243,244,75666,75821.5,1,0,0,0,1,0
244,245,75977,76133.5,0,0,0,0,0,1
245,246,76290,76446.0,0,0,0,1,0,2
246,247,76602,76754.0,0,0,0,0,0,0
247,248,76906,77064.0,1,0,0,1,0,0
248,249,77222,77377.5,0,0,0,0,0,0
249,250,77533,77688.5,1,0,1,0,0,0
250,251,77844,78003.0,3,0,0,1,0,0
251,252,78162,78319.5,1,0,2,0,0,0
252,253,78477,78633.0,0,0,0,0,0,0
253,254,78789,78943.5,0,0,0,0,0,0
254,255,79098,79256.0,0,0,0,0,0,0
255,256,79414,79567.5,0,0,0,0,0,0
256,257,79721,79874.5,0,0,0,0,0,0
257,258,80028,80181.5,0,0,0,0,0,0
258,259,80335,80490.0,0,0,0,0,0,0
259,260,80645,80799.0,0,0,0,0,0,0
260,261,80953,81106.0,0,0,0,0,0,0
261,262,81259,81413.5,0,0,0,0,0,0
262,263,81568,81721.5,0,0,0,0,0,0
263,264,81875,82029.0,0,0,0,0,0,0
264,265,82183,82338.5,0,0,0,0,0,0
265,266,82494,82648.0,0,0,0,0,0,0
266,267,82802,82959.5,0,0,1,0,0,0
267,268,83117,83270.0,0,0,0,0,0,0
268,269,83423,83580.0,1,1,0,0,0,0
269,270,83737,83894.5,0,0,1,0,0,0
270,271,84052,84209.5,0,0,0,0,0,0
271,272,84367,84527.5,0,0,0,0,0,0
272,273,84688,84845.5,0,0,0,0,0,0
273,274,85003,85156.5,0,0,0,0,0,0
274,275,85310,85465.5,0,0,0,2,0,0
275,276,85621,85776.0,0,0,0,0,0,0
276,277,85931,86086.5,0,0,0,1,0,0
277,278,86242,86413.5,0,0,0,0,0,0
278,279,86585,86766.0,0,0,0,0,1,0
279,280,86947,87104.0,0,0,0,0,1,0
280,281,87261,87420.0,0,0,0,0,1,0
281,282,87579,87735.5,0,0,0,0,0,0
282,283,87892,88048.0,0,0,0,0,0,0
283,284,88204,88359.0,0,0,0,0,0,0
284,285,88514,88673.5,0,0,0,0,0,0
285,286,88833,88991.5,0,0,1,0,0,0
286,287,89150,89303.5,0,0,0,0,0,0
287,288,89457,89609.5,0,0,0,0,0,0
288,289,89762,89915.5,0,0,0,0,0,0
289,290,90069,90224.0,0,0,1,0,0,0
290,291,90379,90532.5,0,0,1,0,0,0
291,292,90686,90843.5,0,0,0,0,0,0
292,293,91001,91156.5,0,0,0,0,0,0
293,294,91312,91465.0,0,0,0,0,0,0
294,295,91618,91773.5,0,0,0,0,0,0
295,296,91929,92082.5,0,0,0,0,0,0
296,297,92236,92388.5,0,0,0,0,0,0
297,298,92541,92694.5,0,0,0,0,0,0
298,299,92848,93003.5,0,0,0,0,0,0
299,300,93159,93313.5,0,0,0,0,0,0
300,301,93468,93623.0,0,0,0,0,0,0
301,302,93778,93929.5,0,0,0,0,0,0
302,303,94081,94235.0,0,0,0,0,0,0
303,304,94389,94542.5,0,0,0,0,0,0
304,305,94696,94852.5,1,0,0,0,0,0
305,306,95009,95161.5,0,0,0,0,0,0
306,307,95314,95473.0,0,0,0,0,0,0
307,308,95632,95788.0,0,0,0,1,0,0
308,309,95944,96100.5,0,0,0,0,1,0
309,310,96257,96409.5,0,0,0,0,0,0
310,311,96562,96716.0,0,0,0,0,0,0
311,312,96870,97024.5,0,0,0,0,0,0
312,313,97179,97333.0,0,0,0,0,0,0
313,314,97487,97642.5,0,0,0,0,0,0
314,315,97798,97953.5,0,0,0,0,0,0
315,316,98109,98263.0,0,0,0,0,0,0
316,317,98417,98575.5,0,0,0,0,0,0
317,318,98734,98890.5,1,0,0,0,0,0
318,319,99047,99199.5,0,0,0,0,0,0
319,320,99352,99505.5,0,0,0,0,0,0
320,321,99659,99812.0,0,0,0,0,0,0
321,322,99965,100119.0,0,0,0,0,0,0
322,323,100273,100428.0,0,0,0,0,0,0
323,324,100583,100740.5,0,0,0,0,0,0
324,325,100898,101051.5,0,0,0,0,0,0
325,326,101205,101359.5,0,0,0,0,0,0
326,327,101514,101667.0,0,0,0,0,0,0
327,328,101820,101974.0,0,0,0,0,0,0
328,329,102128,102287.0,1,0,0,0,0,0
329,330,102446,102603.5,0,1,0,0,0,0
330,331,102761,102914.0,0,0,0,0,0,0
331,332,103067,103221.0,0,0,0,0,0,0
332,333,103375,103528.5,0,0,0,0,0,0
333,334,103682,103836.0,0,0,0,0,0,0
334,335,103990,104142.5,0,0,0,0,0,0
335,336,104295,104450.0,0,0,0,0,0,0
336,337,104605,104762.5,0,0,0,0,0,0
337,338,104920,105077.5,0,0,0,0,0,0
338,339,105235,105394.0,0,0,0,0,0,0
339,340,105553,105712.5,0,0,0,0,0,0
340,341,105872,106025.0,0,0,0,0,0,0
341,342,106178,106330.5,0,0,0,0,0,0
342,343,106483,106636.0,0,0,0,0,0,0
343,344,106789,106943.5,0,0,0,0,0,0
344,345,107098,107251.5,0,0,0,0,0,0
345,346,107405,107558.0,0,0,0,0,0,0
346,347,107711,107866.0,0,0,0,0,0,0
347,348,108021,108178.5,2,1,0,0,0,0
348,349,108336,108496.5,2,0,0,0,1,0
349,350,108657,108813.0,0,0,0,0,0,0
350,351,108969,109126.0,0,0,0,0,0,0
351,352,109283,109446.0,0,0,0,0,0,0
352,353,109609,109765.0,0,0,0,0,0,0
353,354,109921,110078.0,0,0,0,0,0,0
354,355,110235,110388.5,0,0,1,0,0,0
355,356,110542,110698.0,1,0,0,0,0,0
356,357,110854,111008.5,0,0,0,0,0,0
357,358,111163,111318.0,0,1,0,0,1,0
358,359,111473,111626.5,0,1,0,0,0,0
359,360,111780,111934.5,0,1,0,0,0,0
360,361,112089,112245.5,0,0,0,1,1,0
361,362,112402,112569.5,0,0,0,0,2,0
362,363,112737,112889.5,1,0,0,0,0,0
363,364,113042,113195.0,0,0,0,0,0,0
364,365,113348,113502.5,0,0,0,0,0,0
365,366,113657,113811.5,0,0,0,0,0,0
366,367,113966,114121.0,0,0,0,0,0,0
367,368,114276,114435.0,0,0,0,0,0,0
368,369,114594,114748.0,0,0,1,0,0,0
369,370,114902,115061.0,0,0,0,0,0,0
370,371,115220,115375.5,0,0,0,0,0,1
371,372,115531,115689.5,0,0,0,0,0,0
372,373,115848,116004.0,1,0,0,0,0,0
373,374,116160,116314.0,0,0,0,0,0,0
374,375,116468,116631.0,0,0,0,0,0,0
375,376,116794,116950.5,2,0,0,0,0,0
376,377,117107,117258.0,0,0,0,0,0,0
377,378,117409,117562.5,0,0,0,0,0,0
378,379,117716,117872.0,2,0,0,0,0,0
379,380,118028,118181.5,0,0,0,0,0,0
380,381,118335,118489.0,0,0,0,0,0,0
381,382,118643,118798.5,0,0,0,0,0,0
382,383,118954,119108.0,0,0,0,0,0,0
383,384,119262,119414.0,0,0,0,0,0,0
384,385,119566,119720.5,0,0,0,0,0,0
385,386,119875,120030.0,2,0,0,0,0,0
386,387,120185,120340.5,1,0,0,0,0,0
387,388,120496,120650.5,1,0,0,0,0,0
388,389,120805,120960.0,0,0,0,0,0,0
389,390,121115,121269.0,0,0,0,0,0,0
390,391,121423,121578.0,0,0,0,0,0,0
391,392,121733,121890.5,0,4,1,0,2,0
392,393,122048,122202.0,0,0,0,0,1,0
393,394,122356,122511.0,0,0,0,0,1,0
394,395,122666,122822.0,0,2,0,0,0,1
395,396,122978,123131.0,1,0,0,0,0,0
396,397,123284,123440.5,1,4,0,0,0,0
397,398,123597,123754.0,0,5,0,0,0,0
398,399,123911,124067.0,0,4,0,0,0,0
399,400,124223,124379.5,0,0,3,1,0,0
400,401,124536,124690.0,1,0,0,0,1,0
401,402,124844,124998.0,0,0,0,0,0,0
402,403,125152,125305.5,0,0,0,0,0,0
403,404,125459,125616.0,0,0,0,0,0,0
404,405,125773,125928.5,0,0,0,0,0,0
405,406,126084,126239.5,0,1,0,0,0,0
406,407,126395,126549.0,0,1,1,0,0,0
407,408,126703,126858.5,2,2,0,0,0,0
408,409,127014,127167.5,0,1,0,0,0,0
409,410,127321,127477.0,0,4,0,0,0,0
410,411,127633,127789.0,0,4,0,0,0,0
411,412,127945,128101.5,1,1,1,0,0,0
412,413,128258,128415.0,1,4,2,0,0,0
413,414,128572,128729.0,1,0,1,3,0,0
414,415,128886,129046.5,0,4,2,2,0,0
415,416,129207,129365.0,0,1,1,1,0,0
416,417,129523,129682.0,0,0,0,1,0,1
417,418,129841,129994.5,0,0,0,0,0,1
418,419,130148,130301.0,0,0,0,0,0,0
419,420,130454,130611.5,0,1,0,0,0,0
420,421,130769,130926.0,0,0,0,0,0,0
421,422,131083,131243.0,0,0,1,0,0,1
422,423,131403,131559.0,0,0,0,1,0,0
423,424,131715,131873.5,0,0,0,0,0,0
424,425,132032,132189.0,2,0,2,0,0,0
425,426,132346,132500.0,0,0,0,0,0,0
426,427,132654,132809.5,0,0,0,0,1,1
427,428,132965,133123.5,0,0,0,0,0,0
428,429,133282,133445.0,0,0,0,0,0,0
429,430,133608,133768.0,0,0,0,0,0,1
430,431,133928,134081.0,0,0,0,0,0,0
431,432,134234,134393.0,0,0,0,0,0,0
432,433,134552,134708.5,0,0,0,0,0,0
433,434,134865,135020.0,0,0,0,0,0,0
434,435,135175,135330.0,1,0,0,0,1,1
435,436,135485,135641.0,0,0,0,0,0,0
436,437,135797,135950.0,0,0,0,0,0,0
437,438,136103,136257.5,0,0,0,0,0,0
438,439,136412,136567.0,0,0,0,0,0,0
439,440,136722,136875.5,0,0,0,0,0,0
440,441,137029,137184.5,0,0,0,0,0,0
441,442,137340,137494.0,0,0,0,0,0,0
442,443,137648,137803.5,0,0,0,0,0,0
443,444,137959,138113.0,0,0,0,0,0,0
444,445,138267,138420.0,0,0,0,0,0,0
445,446,138573,138728.0,0,0,0,0,0,0
446,447,138883,139037.5,0,0,0,0,0,0
447,448,139192,139345.0,0,1,0,0,0,0
448,449,139498,139650.5,0,0,0,0,0,0
449,450,139803,139956.5,0,0,0,0,0,0
450,451,140110,140265.5,0,2,0,0,0,0
451,452,140421,140574.0,0,1,0,0,0,0
452,453,140727,140883.5,0,0,0,0,0,0
453,454,141040,141193.5,0,0,0,0,0,0
454,455,141347,141505.0,2,1,0,1,0,0
455,456,141663,141817.0,0,0,0,0,0,3
456,457,141971,142130.5,1,0,0,0,0,0
457,458,142290,142447.0,3,0,0,0,0,0
458,459,142604,142757.5,0,1,0,0,0,0
459,460,142911,143066.0,1,0,0,0,0,0
460,461,143221,143374.0,0,1,0,0,0,0
461,462,143527,143680.0,0,0,0,0,0,0
462,463,143833,143987.5,0,0,0,0,1,0
463,464,144142,144300.5,1,0,0,0,0,0
464,465,144459,144613.0,0,0,0,0,2,0
465,466,144767,144925.5,0,0,0,0,0,0
466,467,145084,145250.5,0,0,0,0,1,0
467,468,145417,145572.5,0,0,0,0,0,0
468,469,145728,145882.5,0,0,0,0,0,0
469,470,146037,146205.0,0,3,1,0,0,0
470,471,146373,146530.5,2,0,1,0,0,0
471,472,146688,146842.5,2,0,0,0,0,0
472,473,146997,147156.0,0,1,0,0,1,0
473,474,147315,147468.0,0,0,1,0,0,0
474,475,147621,147775.5,0,0,0,0,0,0
475,476,147930,148089.5,0,2,0,0,0,0
476,477,148249,148406.0,2,0,0,0,0,0
477,478,148563,148721.0,2,0,0,0,0,0
478,479,148879,149041.0,2,0,0,0,0,0
479,480,149203,149360.5,7,0,0,0,0,0
480,481,149518,149674.0,3,0,0,0,0,0
481,482,149830,149985.0,0,0,0,0,0,0
482,483,150140,150295.5,0,0,1,1,0,0
483,484,150451,150612.5,0,3,0,0,0,0
484,485,150774,150928.5,0,0,1,0,0,0
485,486,151083,151238.0,0,1,1,0,0,0
486,487,151393,151555.0,0,0,1,0,0,0
487,488,151717,151873.5,0,0,0,0,1,0
488,489,152030,152183.5,0,0,0,0,0,0
489,490,152337,152500.5,3,2,0,0,0,0
490,491,152664,152821.0,0,0,3,0,0,0
491,492,152978,153135.0,0,0,0,4,0,0
492,493,153292,153444.0,0,0,0,1,0,0
493,494,153596,153749.5,0,0,0,0,0,0
494,495,153903,154057.5,0,0,0,0,0,0
495,496,154212,154365.5,0,0,0,0,0,0
496,497,154519,154675.5,1,0,0,0,0,0
497,498,154832,154984.0,0,0,0,0,0,0
498,499,155136,155290.0,1,0,0,0,0,0
499,500,155444,155598.0,1,0,0,0,0,0
500,501,155752,155907.0,2,0,0,1,0,0
501,502,156062,156219.5,0,0,0,0,0,0
502,503,156377,156530.0,0,0,0,0,0,0
503,504,156683,156840.5,0,0,0,0,0,0
504,505,156998,157153.0,0,0,0,0,0,0
505,506,157308,157462.5,0,0,0,0,0,0
506,507,157617,157770.0,0,0,0,0,0,0
507,508,157923,158076.5,0,0,0,0,0,0
508,509,158230,158389.5,0,0,0,0,0,0
509,510,158549,158707.5,0,0,0,0,0,0
510,511,158866,159028.5,0,0,0,0,1,0
511,512,159191,159359.5,0,0,0,0,0,0
512,513,159528,159690.5,0,0,1,0,0,0
513,514,159853,160005.5,0,0,0,0,0,0
514,515,160158,160312.0,0,0,0,0,0,0
515,516,160466,160624.0,1,1,0,0,1,0
516,517,160782,160943.0,0,0,2,0,1,0
517,518,161104,161261.0,0,1,0,0,0,0
518,519,161418,161572.5,0,0,2,2,1,0
519,520,161727,161891.0,0,0,0,0,0,2
520,521,162055,162211.0,0,0,0,0,0,0
521,522,162367,162522.5,1,0,0,0,0,0
522,523,162678,162833.0,0,0,0,0,0,0
523,524,162988,163144.5,0,0,0,0,1,0
524,525,163301,163457.5,0,1,0,0,0,0
525,526,163614,163769.5,0,0,0,0,0,0
526,527,163925,164081.0,0,0,0,0,0,0
527,528,164237,164401.5,0,0,0,1,0,0
528,529,164566,164726.0,0,0,0,0,1,0
529,530,164886,165041.5,0,0,0,0,0,0
530,531,165197,165349.0,0,0,0,0,0,0
531,532,165501,165654.5,0,0,0,0,1,0
532,533,165808,165966.0,0,0,0,1,0,0
533,534,166124,166278.0,0,0,0,0,0,0
534,535,166432,166584.0,0,0,0,0,0,0
535,536,166736,166892.5,0,0,0,0,0,0
536,537,167049,167204.5,0,0,0,0,0,0
537,538,167360,167518.5,0,2,0,0,0,0
538,539,167677,167834.5,0,0,1,0,1,0
539,540,167992,168156.5,0,0,0,0,2,2
540,541,168321,168479.0,0,0,0,0,0,0
541,542,168637,168790.0,0,0,0,0,0,0
542,543,168943,169097.5,0,0,0,0,1,1
543,544,169252,169409.0,0,0,0,0,0,0
544,545,169566,169723.5,0,0,0,0,0,0
545,546,169881,170036.0,0,0,0,1,1,0
546,547,170191,170348.0,0,0,0,0,0,0
547,548,170505,170659.0,0,0,0,0,0,0
548,549,170813,170964.5,0,0,0,0,0,0
549,550,171116,171273.0,0,0,0,0,0,0
550,551,171430,171583.5,0,0,0,0,0,0
551,552,171737,171891.0,0,0,0,0,0,0
552,553,172045,172199.0,0,0,0,0,0,0
553,554,172353,172505.5,0,0,0,0,0,0
554,555,172658,172813.0,0,0,0,0,0,0
555,556,172968,173123.0,0,0,0,0,0,0
556,557,173278,173432.5,0,0,0,0,0,0
557,558,173587,173742.0,0,0,0,0,0,0
558,559,173897,174049.5,0,0,0,0,0,0
559,560,174202,174357.0,0,0,0,0,0,0
560,561,174512,174668.0,0,0,0,0,0,0
561,562,174824,174978.5,0,0,0,0,0,0
562,563,175133,175289.0,0,0,0,0,0,0
563,564,175445,175605.5,0,0,0,0,0,0
564,565,175766,175922.5,0,0,1,0,0,0
565,566,176079,176232.5,0,0,0,0,0,0
566,567,176386,176543.5,0,0,0,0,0,0
567,568,176701,176857.5,0,0,0,0,0,0
568,569,177014,177168.5,0,0,0,0,0,0
569,570,177323,177483.0,0,1,0,1,0,0
570,571,177643,177803.0,1,0,0,0,3,0
571,572,177963,178119.0,0,0,0,0,0,0
572,573,178275,178434.0,0,1,0,0,0,0
573,574,178593,178754.0,2,0,0,1,1,0
574,575,178915,179085.0,5,1,1,0,0,0
575,576,179255,179411.0,0,0,0,1,0,0
576,577,179567,179726.0,1,0,0,1,0,0
577,578,179885,180049.0,2,1,0,2,0,0
578,579,180213,180370.5,0,0,0,0,0,0
579,580,180528,180681.5,0,0,0,0,0,0
580,581,180835,180989.0,0,0,0,0,0,0
581,582,181143,181305.5,0,0,0,0,0,0
582,583,181468,181622.0,0,0,0,0,0,0
583,584,181776,181929.0,0,0,0,0,0,0
584,585,182082,182237.5,0,0,0,0,0,0
585,586,182393,182551.0,0,1,0,1,0,0
586,587,182709,182866.5,0,0,1,0,0,0
587,588,183024,183181.0,0,0,0,0,0,0
588,589,183338,183495.5,0,0,0,0,0,0
589,590,183653,183807.0,0,0,0,0,0,0
590,591,183961,184118.5,0,0,0,0,0,0
591,592,184276,184431.5,0,0,0,0,0,0
592,593,184587,184750.0,3,0,1,0,0,0
593,594,184913,185071.0,1,0,0,1,0,1
594,595,185229,185390.5,0,0,1,0,0,0
595,596,185552,185716.5,1,2,0,0,0,0
596,597,185881,186038.0,0,1,0,0,0,0
597,598,186195,186352.0,1,0,0,0,0,0
598,599,186509,186664.5,1,0,0,1,0,0
599,600,186820,186982.0,1,2,0,0,0,0
600,601,187144,187297.5,0,0,0,0,0,0
601,602,187451,187608.0,0,0,0,0,0,0
602,603,187765,187924.5,0,0,1,0,0,0
603,604,188084,188241.5,0,0,0,0,0,0
604,605,188399,188558.0,0,1,0,0,0,0
605,606,188717,188873.0,0,0,4,0,0,0
606,607,189029,189190.0,0,0,1,0,0,0
607,608,189351,189511.0,0,0,0,0,0,0
608,609,189671,189824.5,0,0,0,0,0,0
609,610,189978,190134.0,0,0,3,0,0,0
610,611,190290,190448.0,0,0,0,0,0,0
611,612,190606,190765.5,1,0,0,0,0,0
612,613,190925,191081.5,1,0,2,0,0,0
613,614,191238,191393.0,0,0,0,2,0,0
614,615,191548,191711.0,0,0,0,0,0,0
615,616,191874,192032.0,0,0,0,0,0,0
616,617,192190,192346.0,0,0,0,0,0,0
617,618,192502,192659.0,0,0,0,0,0,0
618,619,192816,192976.0,0,0,0,0,0,0
619,620,193136,193294.0,0,0,0,0,0,0
620,621,193452,193612.5,2,0,0,0,0,0
621,622,193773,193933.0,0,0,0,0,0,0
622,623,194093,194252.0,0,3,0,0,0,0
623,624,194411,194566.0,0,1,0,0,0,0
624,625,194721,194878.5,0,3,0,0,0,0
625,626,195036,195189.5,0,0,0,0,0,0
626,627,195343,195500.5,0,1,0,0,0,0
627,628,195658,195821.5,1,5,0,0,0,0
628,629,195985,196149.0,0,11,0,0,0,0
629,630,196313,196478.0,3,4,0,0,0,0
630,631,196643,196800.5,4,1,2,0,0,0
631,632,196958,197120.5,0,1,0,0,0,0
632,633,197283,197447.5,2,8,0,0,0,0
633,634,197612,197765.0,0,0,0,0,0,0
634,635,197918,198079.0,0,0,0,0,0,0
635,636,198240,198396.5,0,0,0,0,0,0
636,637,198553,198711.5,1,2,1,0,0,0
637,638,198870,199026.0,0,0,0,0,0,0
638,639,199182,199337.5,0,0,0,0,0,0
639,640,199493,199656.5,1,0,2,0,0,0
640,641,199820,199981.0,3,0,8,0,0,0
641,642,200142,200307.5,5,0,2,0,0,0
642,643,200473,200631.0,1,0,0,0,0,0
643,644,200789,200941.0,0,0,0,0,0,0
644,645,201093,201247.5,0,0,0,0,0,0
645,646,201402,201556.5,0,0,0,0,0,0
646,647,201711,201871.0,3,0,0,0,0,0
647,648,202031,202187.0,0,0,0,0,0,0
648,649,202343,202500.0,0,0,0,0,0,0
649,650,202657,202817.0,2,1,0,0,0,0
650,651,202977,203136.0,1,0,0,0,0,0
651,652,203295,203451.5,0,0,0,0,0,1
652,653,203608,203761.5,0,0,0,1,0,0
653,654,203915,204070.5,0,0,0,0,0,0
654,655,204226,204384.0,0,0,0,0,0,0
655,656,204542,204697.0,0,0,0,0,0,0
656,657,204852,205011.5,5,1,0,0,0,0
657,658,205171,205325.0,0,0,0,0,0,0
658,659,205479,205635.0,0,0,0,0,0,0
659,660,205791,205944.0,0,0,0,0,0,0
660,661,206097,206249.0,0,0,0,0,0,0
661,662,206401,206555.5,0,0,0,0,0,0
662,663,206710,206864.0,0,0,0,0,0,0
663,664,207018,207172.5,0,0,0,0,0,0
664,665,207327,207481.0,0,0,0,0,0,0
665,666,207635,207790.0,0,0,0,0,0,0
666,667,207945,208099.5,0,0,0,0,0,0
667,668,208254,208408.5,0,0,0,0,0,0
668,669,208563,208714.5,0,0,0,0,0,0
669,670,208866,209019.5,0,0,0,0,0,0
670,671,209173,209331.5,4,0,0,0,0,0
671,672,209490,209644.5,0,0,0,0,0,0
672,673,209799,209955.0,0,0,0,0,0,0
673,674,210111,210265.0,0,0,0,0,0,0
674,675,210419,210573.0,0,0,0,0,0,0
675,676,210727,210881.5,0,0,0,0,0,0
676,677,211036,211193.5,0,0,0,0,0,0
677,678,211351,211508.0,1,0,0,0,0,0
678,679,211665,211821.5,0,0,0,0,0,0
679,680,211978,212137.5,1,0,0,0,0,0
680,681,212297,212467.0,0,0,0,0,0,0
681,682,212637,212790.0,0,0,0,0,0,0
682,683,212943,213103.5,4,1,0,0,0,0
683,684,213264,213422.5,10,0,0,0,0,0
684,685,213581,213738.0,3,0,0,0,0,0
685,686,213895,214052.5,5,0,0,0,0,0
686,687,214210,214370.0,6,0,0,0,0,0
687,688,214530,214687.0,4,0,0,0,0,0
688,689,214844,215000.5,5,0,0,0,0,0
689,690,215157,215317.0,9,0,0,0,0,0
690,691,215477,215638.0,3,6,0,0,0,0
691,692,215799,215958.0,2,6,0,0,0,0
692,693,216117,216274.0,1,6,0,0,0,0
693,694,216431,216589.0,2,4,0,0,0,0
694,695,216747,216906.0,1,3,0,0,0,0
695,696,217065,217222.0,0,3,0,0,0,0
696,697,217379,217532.5,0,0,1,0,0,0
697,698,217686,217837.5,0,0,0,0,0,0
698,699,217989,218148.0,0,2,0,0,0,0
699,700,218307,218463.5,1,3,0,0,0,0
700,701,218620,218777.0,3,1,0,0,0,0
701,702,218934,219093.5,5,5,0,0,0,0
702,703,219253,219410.5,1,5,0,0,0,0
703,704,219568,219726.0,2,2,0,0,0,0
704,705,219884,220044.0,3,5,0,0,0,0
705,706,220204,220364.5,2,5,0,0,0,0
706,707,220525,220684.0,0,6,0,0,0,0
707,708,220843,221002.0,5,2,0,0,0,0
708,709,221161,221320.0,0,5,0,0,0,0
709,710,221479,221639.0,2,4,0,0,0,0
710,711,221799,221958.5,3,4,0,0,0,0
711,712,222118,222275.0,2,2,0,0,0,0
712,713,222432,222596.5,7,7,0,0,0,0
713,714,222761,222922.0,5,5,0,0,0,0
714,715,223083,223242.0,9,1,0,0,0,0
715,716,223401,223558.0,2,2,0,0,0,0
716,717,223715,223869.5,0,3,0,0,0,0
717,718,224024,224178.5,0,1,0,0,0,0
718,719,224333,224489.0,0,1,0,0,0,0
719,720,224645,224799.5,2,0,0,0,0,0
720,721,224954,225106.5,0,0,0,0,0,0
721,722,225259,225412.5,0,0,0,0,0,0
722,723,225566,225719.5,0,0,0,0,0,0
723,724,225873,226028.5,0,0,0,0,0,0
724,725,226184,226338.5,0,0,0,0,0,0
725,726,226493,226645.0,0,0,0,0,0,0
726,727,226797,226950.5,0,0,0,0,0,0
727,728,227104,227258.0,0,0,0,0,0,0
728,729,227412,227565.0,0,0,0,0,0,0
729,730,227718,227870.0,0,0,0,0,0,0
730,731,228022,228179.5,5,2,0,0,0,0
731,732,228337,228493.5,7,0,0,0,0,0
732,733,228650,228812.5,3,1,0,0,0,0
733,734,228975,229130.5,2,0,0,0,0,0
734,735,229286,229446.5,3,1,0,0,0,0
735,736,229607,229763.5,7,0,0,0,0,0
736,737,229920,230077.5,5,1,0,0,0,0
737,738,230235,230395.5,1,1,0,0,0,0
738,739,230556,230737.5,0,0,0,0,0,0
739,740,230919,231099.0,0,0,0,0,0,0
740,741,231279,231462.0,0,0,0,0,0,0
741,742,231645,231826.5,0,1,0,0,0,0
742,743,232008,232187.5,0,1,0,0,0,0
743,744,232367,232523.5,0,1,0,0,0,0
744,745,232680,232836.5,4,0,0,0,0,0
745,746,232993,233150.5,1,3,0,0,0,0
746,747,233308,233464.0,0,4,0,0,0,0
747,748,233620,233778.0,3,2,0,0,0,0
748,749,233936,234092.5,4,0,0,0,0,0
749,750,234249,234408.5,7,1,0,0,0,0
750,751,234568,234729.5,5,2,2,0,0,0
751,752,234891,235048.0,1,0,1,0,0,0
752,753,235205,235359.0,0,0,0,0,0,0
753,754,235513,235667.0,0,0,0,0,0,0
754,755,235821,235974.5,0,0,0,0,0,0
755,756,236128,236281.5,0,0,0,0,0,0
756,757,236435,236588.5,0,0,0,0,0,0
757,758,236742,236894.0,0,0,0,0,0,0
758,759,237046,237199.5,0,0,0,0,0,0
759,760,237353,237505.5,0,0,0,0,0,0
760,761,237658,237813.0,1,1,0,0,0,0
761,762,237968,238124.0,0,0,0,0,0,0
762,763,238280,238439.0,0,0,1,0,0,0
763,764,238598,238754.5,1,0,1,0,0,0
764,765,238911,239065.5,1,0,0,0,0,0
765,766,239220,239375.5,1,0,1,0,0,0
766,767,239531,239682.5,1,0,0,0,0,0
767,768,239834,239987.0,1,0,0,0,0,0
768,769,240140,240296.5,0,0,2,0,0,0
769,770,240453,240608.5,2,0,1,0,0,0
770,771,240764,240918.5,2,0,0,0,0,0
771,772,241073,241226.5,1,0,0,0,0,0
772,773,241380,241533.5,0,0,0,0,1,0
773,774,241687,241842.5,0,0,0,0,2,1
774,775,241998,242150.5,0,0,0,0,0,0
775,776,242303,242456.0,0,0,0,0,0,0
776,777,242609,242766.5,0,0,0,0,0,0
777,778,242924,243079.5,0,0,0,0,0,0
778,779,243235,243393.0,0,0,0,0,0,0
779,780,243551,243710.0,0,0,0,0,1,0
780,781,243869,244023.5,0,0,0,0,0,0
781,782,244178,244329.0,0,0,0,0,0,0
782,783,244480,244634.0,0,0,0,0,0,0
783,784,244788,244944.5,0,0,0,0,0,0
784,785,245101,245255.5,0,1,0,2,0,0
785,786,245410,245564.5,0,0,0,0,0,1
786,787,245719,245872.0,0,0,0,0,0,0
787,788,246025,246179.0,0,0,0,0,1,0
788,789,246333,246488.0,0,1,0,0,0,0
789,790,246643,246798.5,0,0,0,0,0,0
790,791,246954,247114.0,0,0,0,1,0,1
791,792,247274,247431.0,0,0,0,0,0,0
792,793,247588,247744.5,0,0,0,0,0,0
793,794,247901,248055.0,0,0,0,0,0,0
794,795,248209,248361.0,0,0,1,0,0,0
795,796,248513,248671.0,1,1,0,0,0,0
796,797,248829,248982.0,0,1,0,0,0,0
797,798,249135,249289.5,0,1,0,0,0,0
798,799,249444,249597.0,1,1,0,0,0,0
799,800,249750,249908.0,2,6,0,0,0,0
800,801,250066,250227.0,1,7,0,0,0,0
801,802,250388,250539.5,0,0,0,0,0,0
802,803,250691,250846.5,3,0,0,0,0,0
803,804,251002,251155.5,0,0,0,0,0,0
804,805,251309,251462.0,0,0,0,0,0,0
805,806,251615,251770.0,1,2,2,0,0,0
806,807,251925,252087.0,3,0,4,0,0,0
807,808,252249,252403.0,0,0,0,0,0,0
808,809,252557,252717.5,8,0,0,0,0,0
809,810,252878,253037.5,4,0,2,0,0,0
810,811,253197,253358.0,7,0,0,0,0,0
811,812,253519,253677.5,4,0,1,0,0,0
812,813,253836,253998.5,7,0,2,0,0,0
813,814,254161,254315.5,5,0,1,0,0,0
814,815,254470,254632.0,6,0,2,0,0,0
815,816,254794,254948.5,2,0,1,0,0,0
816,817,255103,255257.5,1,0,0,0,0,0
817,818,255412,255567.5,2,0,0,0,0,0
818,819,255723,255878.5,1,0,0,0,0,0
819,820,256034,256187.0,0,0,0,0,0,0
820,821,256340,256494.0,0,0,0,0,0,0
821,822,256648,256801.5,0,0,1,0,2,0
822,823,256955,257112.5,0,0,0,0,1,1
823,824,257270,257423.5,1,0,1,0,0,0
824,825,257577,257732.5,0,0,0,0,0,0
825,826,257888,258039.0,0,0,0,0,0,0
826,827,258190,258346.0,0,0,0,0,0,0
827,828,258502,258656.0,0,0,0,0,0,0
828,829,258810,258965.0,0,0,0,0,0,0
829,830,259120,259275.0,0,0,0,0,0,0
830,831,259430,259583.0,0,0,0,0,2,0
831,832,259736,259889.5,0,0,0,0,1,1
832,833,260043,260198.0,0,0,0,0,0,0
833,834,260353,260509.5,0,0,0,0,0,0
834,835,260666,260829.5,0,0,0,0,0,0
835,836,260993,261152.0,0,0,0,0,0,0
836,837,261311,261466.0,0,0,0,0,0,0
837,838,261621,261783.0,0,0,0,0,1,0
838,839,261945,262098.5,0,0,0,0,0,0
839,840,262252,262410.5,0,0,0,0,0,0
840,841,262569,262725.5,0,0,0,0,0,0
841,842,262882,263035.0,0,0,0,0,0,0
842,843,263188,263372.5,0,0,1,1,0,0
843,844,263557,263744.0,1,0,1,0,0,0
844,845,263931,264092.0,2,0,0,0,3,3
845,846,264253,264421.5,1,0,0,0,2,3
846,847,264590,264743.0,0,0,0,0,0,0
847,848,264896,265047.5,0,0,0,0,0,0
848,849,265199,265352.0,0,0,0,0,0,0
849,850,265505,265658.5,0,0,0,0,0,0
850,851,265812,265970.5,0,0,0,0,0,1
851,852,266129,266280.5,0,0,0,0,0,0
852,853,266432,266590.0,0,0,0,0,0,0
853,854,266748,266900.5,0,0,0,0,0,0
854,855,267053,267209.5,0,0,1,0,0,0
855,856,267366,267522.0,0,1,0,0,0,1
856,857,267678,267839.0,0,0,1,0,0,0
857,858,268000,268161.5,0,0,1,0,0,0
858,859,268323,268476.5,2,0,1,0,0,0
859,860,268630,268785.5,0,0,2,0,0,0
860,861,268941,269096.5,1,0,1,0,0,1
861,862,269252,269411.0,0,0,0,1,1,0
862,863,269570,269724.5,0,0,2,0,0,0
863,864,269879,270040.0,0,0,1,0,1,0
864,865,270201,270360.5,1,0,2,0,0,0
865,866,270520,270674.0,0,0,3,0,0,0
866,867,270828,270986.5,0,0,2,0,0,0
867,868,271145,271304.0,1,0,2,0,2,0
868,869,271463,271619.0,0,0,0,0,0,0
869,870,271775,271933.5,1,0,2,0,0,0
870,871,272092,272246.0,1,0,0,0,0,0
871,872,272400,272558.5,0,0,2,0,1,0
872,873,272717,272871.5,0,0,0,0,0,0
873,874,273026,273178.5,0,0,0,0,0,0
874,875,273331,273484.5,0,0,0,0,0,0
875,876,273638,273792.0,0,0,0,0,0,0
876,877,273946,274101.5,0,0,1,0,0,0
877,878,274257,274410.0,0,0,0,0,0,0
878,879,274563,274717.5,0,0,1,0,0,0
879,880,274872,275029.5,0,1,1,0,0,0
880,881,275187,275341.0,0,0,1,0,0,0
881,882,275495,275648.5,0,0,0,0,0,0
882,883,275802,275955.0,0,0,1,0,0,0
883,884,276108,276262.5,0,0,0,0,0,0
884,885,276417,276575.0,0,0,1,0,0,0
885,886,276733,276886.0,0,0,1,0,0,0
886,887,277039,277195.0,0,0,0,0,0,0
887,888,277351,277504.5,0,0,0,0,0,0
888,889,277658,277817.0,0,0,0,0,0,0
889,890,277976,278139.5,0,0,0,0,0,0
890,891,278303,278456.0,0,0,0,0,0,0
891,892,278609,278764.5,0,0,0,0,0,0
892,893,278920,279075.0,0,0,0,0,0,0
893,894,279230,279385.0,0,0,0,0,0,0
894,895,279540,279694.0,0,0,0,0,0,0
895,896,279848,280001.0,0,0,0,0,0,0
896,897,280154,280310.5,0,0,0,0,0,0
897,898,280467,280618.5,0,0,0,0,0,0
898,899,280770,280922.5,0,0,0,0,0,0
899,900,281075,281230.0,0,0,1,0,0,0
900,901,281385,281541.5,1,0,0,0,0,0
901,902,281698,281854.5,0,0,0,0,0,0
902,903,282011,282165.0,0,0,0,0,0,0
903,904,282319,282473.5,0,0,3,0,0,0
904,905,282628,282783.5,0,0,1,0,0,0
905,906,282939,283094.5,0,0,0,0,0,0
906,907,283250,283403.5,0,0,0,0,0,0
907,908,283557,283717.5,0,0,2,0,0,0
908,909,283878,284039.5,0,0,0,0,0,0
909,910,284201,284362.0,0,0,0,0,0,0
910,911,284523,284679.5,0,0,0,0,0,0
911,912,284836,284992.0,0,0,0,0,0,0
912,913,285148,285303.0,0,0,0,0,0,0
913,914,285458,285614.5,0,0,0,0,1,0
914,915,285771,285934.0,0,0,0,0,1,1
915,916,286097,286257.0,0,0,0,0,1,0
916,917,286417,286568.5,0,0,0,0,0,0
917,918,286720,286876.0,0,0,0,0,0,0
918,919,287032,287193.0,0,0,2,0,0,0
919,920,287354,287515.5,0,0,2,1,0,1
920,921,287677,287831.5,0,0,1,0,0,0
921,922,287986,288146.0,0,0,0,0,0,0
922,923,288306,288462.5,0,0,1,0,0,0
923,924,288619,288771.5,0,0,1,0,0,0
924,925,288924,289079.0,0,0,0,0,0,0
925,926,289234,289388.0,0,0,2,0,0,0
926,927,289542,289696.5,0,0,0,0,0,0
927,928,289851,290005.5,0,0,0,0,0,0
928,929,290160,290312.5,0,0,0,0,0,0
929,930,290465,290620.0,0,0,0,0,0,0
930,931,290775,290929.0,0,0,0,0,0,0
931,932,291083,291236.0,0,0,0,0,0,0
932,933,291389,291541.5,0,0,0,0,0,0
933,934,291694,291849.5,0,0,0,0,0,0
934,935,292005,292159.5,0,0,0,0,0,0
935,936,292314,292471.0,0,0,1,0,0,0
936,937,292628,292784.0,0,0,1,0,0,0
937,938,292940,293094.0,0,0,0,0,0,0
938,939,293248,293401.0,0,0,0,0,0,0
939,940,293554,293709.0,0,0,1,0,0,0
940,941,293864,294018.5,0,2,0,0,0,0
941,942,294173,294328.0,0,0,0,0,0,0
942,943,294483,294637.0,0,0,0,0,0,0
943,944,294791,294947.5,0,0,0,0,0,0
944,945,295104,295258.0,0,0,0,0,0,0
945,946,295412,295567.0,0,0,0,0,0,0
946,947,295722,295878.5,0,0,0,0,0,0
947,948,296035,296191.5,0,0,0,0,0,0
948,949,296348,296503.0,0,0,0,0,0,0
949,950,296658,296812.5,0,0,0,0,0,0
950,951,296967,297121.5,0,0,0,0,0,0
951,952,297276,297434.0,0,0,0,0,0,0
952,953,297592,297748.0,0,0,0,0,0,0
953,954,297904,298059.5,1,0,0,0,0,0
954,955,298215,298371.5,1,0,1,0,0,0
955,956,298528,298691.0,0,0,0,0,0,0
956,957,298854,299009.5,0,0,1,0,0,0
957,958,299165,299318.5,0,0,0,0,2,0
958,959,299472,299629.5,0,0,0,0,0,0
959,960,299787,299941.0,0,0,0,0,0,0
960,961,300095,300249.0,0,0,0,0,0,0
961,962,300403,300559.5,0,0,2,0,0,0
962,963,300716,300869.5,0,0,1,0,0,0
963,964,301023,301183.5,2,0,0,1,0,0
964,965,301344,301503.0,2,0,0,0,0,0
965,966,301662,301817.0,0,0,0,0,0,0
966,967,301972,302126.5,1,0,0,0,0,0
967,968,302281,302434.0,0,0,0,0,0,0
968,969,302587,302740.5,0,0,0,0,0,0
969,970,302894,303049.0,0,0,0,0,0,0
970,971,303204,303360.0,0,0,2,0,0,0
971,972,303516,303671.0,0,0,3,0,0,0
972,973,303826,303983.0,0,0,0,0,0,0
973,974,304140,304296.0,0,0,2,0,0,0
974,975,304452,304605.5,0,0,0,0,0,0
975,976,304759,304912.5,0,0,0,0,0,0
976,977,305066,305221.0,0,0,0,0,1,0
977,978,305376,305536.0,0,0,0,0,0,0
978,979,305696,305852.0,0,0,0,0,0,1
979,980,306008,306164.5,0,0,0,0,0,1
980,981,306321,306487.0,1,0,0,0,1,0
981,982,306653,306811.0,0,0,2,0,0,0
982,983,306969,307123.0,0,0,1,0,0,0
983,984,307277,307431.5,0,0,0,0,0,0
984,985,307586,307739.5,0,0,0,0,0,0
985,986,307893,308047.0,0,0,1,0,0,0
986,987,308201,308355.5,0,0,0,0,0,0
987,988,308510,308665.5,0,0,0,0,4,0
988,989,308821,308973.5,0,0,1,0,0,0
989,990,309126,309282.0,0,0,1,0,1,0
990,991,309438,309593.0,0,0,1,0,0,0
991,992,309748,309903.5,0,0,1,0,0,0
992,993,310059,310213.0,0,0,1,0,0,0
993,994,310367,310521.5,0,0,0,0,0,0
994,995,310676,310829.0,0,0,1,0,0,0
995,996,310982,311136.0,0,0,1,0,0,0
996,997,311290,311443.5,0,0,0,0,0,0
997,998,311597,311753.5,0,0,0,0,0,0
998,999,311910,312066.0,0,0,0,0,0,0
999,1000,312222,312377.0,0,0,0,0,0,0
1000,1001,312532,312687.5,0,0,0,0,0,0
1001,1002,312843,312998.0,0,0,0,0,0,0
1002,1003,313153,313311.5,0,0,2,0,0,0
1003,1004,313470,313626.5,0,0,1,0,0,0
1004,1005,313783,313942.0,0,0,0,0,0,0
1005,1006,314101,314256.5,0,0,0,0,0,0
1006,1007,314412,314564.5,0,0,0,0,0,0
1007,1008,314717,314874.5,0,0,0,0,0,0
1008,1009,315032,315188.0,0,0,0,0,0,0
1009,1010,315344,315499.0,0,0,0,0,0,0
1010,1011,315654,315810.5,0,0,0,0,0,0
1011,1012,315967,316120.0,0,0,0,0,0,0
1012,1013,316273,316426.0,0,0,0,0,0,0
1013,1014,316579,316746.0,0,0,0,0,0,0
1014,1015,316913,317070.5,0,0,1,0,0,0
1015,1016,317228,317383.0,0,0,1,0,0,0
1016,1017,317538,317693.5,0,0,2,0,0,0
1017,1018,317849,318002.0,0,0,0,0,0,0
1018,1019,318155,318310.5,0,0,0,0,0,0
1019,1020,318466,318618.5,0,0,0,0,0,0
1020,1021,318771,318924.5,0,0,0,0,0,0
1021,1022,319078,319232.5,0,0,0,0,0,0
1022,1023,319387,319540.5,0,0,0,0,0,0
1023,1024,319694,319845.5,0,0,0,0,0,0
1024,1025,319997,320152.0,0,0,0,0,0,0
1025,1026,320307,320463.0,0,0,0,0,0,0
1026,1027,320619,320776.5,0,0,1,0,0,0
1027,1028,320934,321088.0,0,0,0,0,0,0
1028,1029,321242,321399.0,0,0,2,0,0,0
1029,1030,321556,321717.5,1,2,1,0,2,0
1030,1031,321879,322039.0,0,0,2,0,0,0
1031,1032,322199,322353.0,0,0,1,0,0,0
1032,1033,322507,322661.0,0,0,1,0,0,0
1033,1034,322815,322966.5,0,0,0,0,0,0
1034,1035,323118,323272.0,0,0,2,0,0,0
1035,1036,323426,323580.5,1,0,0,0,0,0
1036,1037,323735,323891.5,1,0,0,0,1,1
1037,1038,324048,324204.0,0,0,0,0,0,0
1038,1039,324360,324516.5,0,0,0,0,0,0
1039,1040,324673,324831.0,0,0,2,0,0,0
1040,1041,324989,325143.5,0,0,1,0,0,0
1041,1042,325298,325459.0,1,0,2,0,1,0
1042,1043,325620,325775.0,0,0,0,0,0,0
1043,1044,325930,326086.5,0,0,0,0,0,0
1044,1045,326243,326401.0,0,0,0,0,0,0
1045,1046,326559,326719.5,0,0,2,0,0,0
1046,1047,326880,327037.0,0,0,3,0,0,0
1047,1048,327194,327348.5,0,0,1,0,0,0
1048,1049,327503,327657.0,0,0,0,0,0,0
1049,1050,327811,327962.5,0,0,0,0,0,0
1050,1051,328114,328273.0,0,0,3,0,0,0
1051,1052,328432,328585.5,0,0,0,0,0,0
1052,1053,328739,328894.0,0,0,1,0,0,0
1053,1054,329049,329219.0,0,0,0,0,0,0
1054,1055,329389,329543.0,0,0,0,0,0,0
1055,1056,329697,329850.0,0,0,0,0,0,0
1056,1057,330003,330162.5,0,0,1,0,0,0
1057,1058,330322,330477.5,0,0,1,0,0,0
1058,1059,330633,330787.5,0,0,0,0,0,0
1059,1060,330942,331098.5,0,0,1,0,0,0
1060,1061,331255,331409.5,0,0,0,1,0,0
1061,1062,331564,331718.0,0,0,1,0,0,0
1062,1063,331872,332025.0,0,0,0,0,0,0
1063,1064,332178,332331.0,0,0,0,0,0,0
1064,1065,332484,332637.5,0,0,0,0,0,0
1065,1066,332791,332945.0,0,0,0,0,0,0
1066,1067,333099,333252.5,0,0,0,0,0,0
1067,1068,333406,333559.5,0,0,2,0,0,0
1068,1069,333713,333867.5,0,0,0,0,0,0
1069,1070,334022,334175.5,0,0,0,0,0,0
1070,1071,334329,334483.5,0,0,0,0,0,0
1071,1072,334638,334792.5,0,0,0,0,0,0
1072,1073,334947,335099.0,0,0,0,0,0,0
1073,1074,335251,335419.5,0,0,0,0,0,0
1074,1075,335588,335743.0,0,0,0,0,0,0
1075,1076,335898,336055.0,0,0,2,0,0,0
1076,1077,336212,336368.0,0,0,0,0,0,0
1077,1078,336524,336681.5,0,0,1,0,0,0
1078,1079,336839,336993.5,0,0,0,0,1,0
1079,1080,337148,337301.5,0,0,0,0,0,0
1080,1081,337455,337613.0,0,0,0,0,0,1
1081,1082,337771,337927.5,0,0,1,0,0,0
1082,1083,338084,338240.0,0,0,0,0,0,0
1083,1084,338396,338552.5,0,0,0,0,0,0
1084,1085,338709,338862.5,0,0,1,0,0,0
1085,1086,339016,339170.0,0,0,1,0,0,0
1086,1087,339324,339477.5,0,0,0,0,0,0
1087,1088,339631,339789.0,0,0,0,0,0,0
1088,1089,339947,340111.0,0,0,0,0,0,0
1089,1090,340275,340427.0,0,0,1,0,0,0
1090,1091,340579,340735.0,0,0,2,0,0,0
1091,1092,340891,341047.5,0,0,0,0,0,0
1092,1093,341204,341358.0,0,0,0,0,0,0
1093,1094,341512,341669.5,0,0,0,0,0,0
1094,1095,341827,341983.0,0,0,1,0,0,0
1095,1096,342139,342293.0,0,0,0,3,0,0
1096,1097,342447,342604.0,0,0,0,0,0,0
1097,1098,342761,342917.5,0,0,0,0,0,0
1098,1099,343074,343230.0,0,0,1,0,0,0
1099,1100,343386,343545.0,0,0,0,0,0,0
1100,1101,343704,343864.5,0,0,1,0,0,0
1101,1102,344025,344186.0,0,0,0,0,0,0
1102,1103,344347,344504.0,0,0,0,0,0,0
1103,1104,344661,344818.0,0,0,0,0,0,0
1104,1105,344975,345141.0,0,0,2,0,0,0
1105,1106,345307,345462.5,0,0,2,0,0,0
1106,1107,345618,345775.0,0,0,0,2,0,0
1107,1108,345932,346097.5,0,1,0,0,0,0
1108,1109,346263,346423.0,1,0,2,0,0,0
1109,1110,346583,346763.5,0,0,0,0,0,0
1110,1111,346944,347119.5,0,0,0,0,0,0
1111,1112,347295,347451.0,1,0,0,0,0,0
1112,1113,347607,347761.5,0,0,0,0,2,0
1113,1114,347916,348071.0,1,0,0,1,1,0
1114,1115,348226,348385.5,0,0,0,1,0,0
1115,1116,348545,348703.0,0,0,1,0,0,0
1116,1117,348861,349017.0,0,0,0,0,0,0
1117,1118,349173,349331.0,0,0,1,0,0,0
1118,1119,349489,349644.5,0,0,1,0,0,0
1119,1120,349800,349958.5,0,0,0,0,0,0
1120,1121,350117,350275.5,0,0,0,2,0,0
1121,1122,350434,350594.5,0,0,1,0,0,0
1122,1123,350755,350912.0,0,1,2,0,0,0
1123,1124,351069,351232.0,2,0,3,0,0,0
1124,1125,351395,351546.5,0,0,0,0,0,0
1125,1126,351698,351863.0,0,0,0,0,0,0
1126,1127,352028,352187.5,0,0,1,0,0,0
1127,1128,352347,352500.5,0,0,0,0,0,0
1128,1129,352654,352812.0,0,0,0,0,1,0
1129,1130,352970,353129.0,0,0,2,0,0,1
1130,1131,353288,353442.5,1,0,1,0,0,0
1131,1132,353597,353752.0,0,0,1,0,0,0
1132,1133,353907,354061.5,0,0,1,0,0,0
1133,1134,354216,354375.5,0,0,2,0,0,0
1134,1135,354535,354688.5,0,0,0,0,0,0
1135,1136,354842,355001.5,0,1,0,0,0,0
1136,1137,355161,355319.5,0,3,2,0,0,0
1137,1138,355478,355641.0,0,0,0,0,0,0
1138,1139,355804,355958.5,0,0,1,0,0,0
1139,1140,356113,356266.0,0,0,1,0,0,0
1140,1141,356419,356581.5,0,0,0,0,0,0
1141,1142,356744,356903.0,0,0,2,0,0,0
1142,1143,357062,357224.5,0,0,2,0,0,0
1143,1144,357387,357542.0,0,0,1,0,0,0
1144,1145,357697,357850.5,0,0,3,0,0,0
1145,1146,358004,358158.5,0,0,2,0,0,0
1146,1147,358313,358477.5,0,0,0,0,0,0
1147,1148,358642,358803.5,0,0,2,1,0,0
1148,1149,358965,359123.5,0,0,1,0,0,0
1149,1150,359282,359435.5,0,0,1,0,0,0
1150,1151,359589,359747.0,0,0,2,0,0,0
1151,1152,359905,360058.5,0,0,0,0,0,0
1152,1153,360212,360365.0,0,0,1,0,0,0
1153,1154,360518,360684.0,0,0,1,0,0,0
1154,1155,360850,361018.5,0,0,1,0,0,0
1155,1156,361187,361341.0,0,0,0,0,0,0
1156,1157,361495,361656.0,1,0,2,0,0,0
1157,1158,361817,361971.0,0,0,0,0,0,0
1158,1159,362125,362279.5,0,0,1,0,0,0
1159,1160,362434,362589.0,0,0,0,0,0,1
1160,1161,362744,362898.0,0,0,0,0,1,0
1161,1162,363052,363213.0,0,0,0,0,1,0
1162,1163,363374,363532.5,0,0,0,0,0,2
1163,1164,363691,363849.0,0,0,0,1,0,0
1164,1165,364007,364162.0,0,0,0,0,0,0
1165,1166,364317,364473.0,0,0,2,0,0,0
1166,1167,364629,364787.0,0,1,0,0,1,0
1167,1168,364945,365119.5,0,0,0,1,0,0
1168,1169,365294,365466.0,0,1,0,0,0,0
1169,1170,365638,365792.5,0,3,1,0,0,0
1170,1171,365947,366108.0,1,0,0,0,0,0
1171,1172,366269,366426.0,0,0,0,0,1,0
1172,1173,366583,366740.5,0,0,1,0,0,0
1173,1174,366898,367052.5,0,0,0,0,0,0
1174,1175,367207,367360.0,1,0,0,0,0,1
1175,1176,367513,367671.5,0,0,0,0,0,1
1176,1177,367830,367985.0,0,0,1,0,0,0
1177,1178,368140,368295.0,0,0,1,0,0,0
1178,1179,368450,368609.5,1,0,3,0,0,0
1179,1180,368769,368928.5,0,0,1,0,0,0
1180,1181,369088,369242.0,0,0,0,0,1,0
1181,1182,369396,369550.0,0,0,0,0,0,0
1182,1183,369704,369860.5,0,0,0,0,0,1
1183,1184,370017,370172.0,0,0,1,0,0,0
1184,1185,370327,370482.5,2,0,0,0,1,0
1185,1186,370638,370793.0,0,0,2,3,0,0
1186,1187,370948,371102.5,0,0,0,4,0,0
1187,1188,371257,371412.0,0,0,0,1,0,0
1188,1189,371567,371721.0,0,0,0,0,1,0
1189,1190,371875,372037.0,0,0,0,0,0,0
1190,1191,372199,372365.5,0,0,0,0,0,0
1191,1192,372532,372685.5,0,0,1,0,0,0
1192,1193,372839,372992.0,0,0,1,0,0,0
1193,1194,373145,373304.5,0,0,1,0,0,0
1194,1195,373464,373622.0,3,0,1,0,0,0
1195,1196,373780,373941.0,3,0,0,1,0,0
1196,1197,374102,374263.5,0,0,0,0,2,0
1197,1198,374425,374578.5,0,0,0,0,1,0
1198,1199,374732,374886.0,0,0,0,0,0,0
1199,1200,375040,375203.5,0,0,0,0,0,0
1200,1201,375367,375530.0,0,0,1,0,2,0
1201,1202,375693,375854.5,1,0,0,0,0,0
1202,1203,376016,376172.5,3,0,0,0,2,0
1203,1204,376329,376493.0,0,0,0,3,0,0
1204,1205,376657,376819.5,0,0,1,1,2,1
1205,1206,376982,377143.0,0,0,0,0,0,2
1206,1207,377304,377469.0,0,0,1,0,0,0
1207,1208,377634,377793.0,0,0,1,0,0,0
1208,1209,377952,378112.0,0,0,0,0,3,0
1209,1210,378272,378438.5,0,0,0,0,3,0
1210,1211,378605,378770.0,1,0,1,1,0,1
1211,1212,378935,379097.0,0,0,0,0,2,0
1212,1213,379259,379418.0,0,0,0,0,1,0
1213,1214,379577,379732.5,0,0,0,0,0,0
1214,1215,379888,380046.5,2,0,0,0,1,0
1215,1216,380205,380366.5,0,0,0,0,1,1
1216,1217,380528,380683.5,0,0,0,0,0,1
1217,1218,380839,380997.0,0,0,0,0,0,0
1218,1219,381155,381323.5,0,0,1,0,1,0
1219,1220,381492,381657.5,0,1,2,0,1,0
1220,1221,381823,381984.0,0,0,0,0,2,0
1221,1222,382145,382305.0,0,1,0,0,0,0
1222,1223,382465,382622.0,0,0,0,0,1,2
1223,1224,382779,382938.0,2,0,0,0,3,0
1224,1225,383097,383253.0,2,0,2,0,0,0
1225,1226,383409,383573.0,0,0,0,1,1,0
1226,1227,383737,383896.5,0,0,0,0,0,1
1227,1228,384056,384214.0,0,0,0,0,1,0
1228,1229,384372,384530.0,0,0,0,0,1,1
1229,1230,384688,384842.0,0,0,0,0,1,3
1230,1231,384996,385155.0,0,0,0,0,2,4
1231,1232,385314,385474.5,0,0,0,0,3,2
1232,1233,385635,385792.5,0,0,0,0,0,3
1233,1234,385950,386105.0,3,0,0,0,1,0
1234,1235,386260,386421.0,1,0,0,0,5,0
1235,1236,386582,386743.5,1,0,0,0,5,1
1236,1237,386905,387060.5,0,0,0,0,1,1
1237,1238,387216,387369.0,0,0,2,0,0,0
1238,1239,387522,387679.5,2,0,0,0,2,0
1239,1240,387837,387991.5,0,0,0,0,1,0
1240,1241,388146,388301.5,2,0,0,0,1,0
1241,1242,388457,388613.0,1,0,0,0,2,1
1242,1243,388769,388936.5,2,0,0,0,0,3
1243,1244,389104,389266.0,0,0,0,0,0,0
1244,1245,389428,389583.0,0,0,0,0,1,1
1245,1246,389738,389890.5,0,0,0,0,0,0
1246,1247,390043,390198.5,0,0,0,0,3,0
1247,1248,390354,390507.0,3,0,0,0,1,0
1248,1249,390660,390813.5,0,0,0,0,2,0
1249,1250,390967,391120.5,0,0,0,0,0,0
1250,1251,391274,391428.0,1,0,0,0,0,0
1251,1252,391582,391739.0,0,0,0,0,1,2
1252,1253,391896,392052.0,1,0,0,0,1,2
1253,1254,392208,392364.5,0,0,0,0,0,2
1254,1255,392521,392677.0,0,0,1,0,1,1
1255,1256,392833,392990.0,0,0,0,0,1,1
1256,1257,393147,393307.5,3,0,0,0,1,0
1257,1258,393468,393621.5,0,0,0,0,1,1
1258,1259,393775,393935.5,1,0,0,0,1,2
1259,1260,394096,394249.5,1,0,0,0,0,1
1260,1261,394403,394560.0,4,0,0,0,0,2
1261,1262,394717,394874.5,0,0,0,0,2,0
1262,1263,395032,395189.5,1,0,0,0,3,0
1263,1264,395347,395504.5,0,0,1,0,2,0
1264,1265,395662,395818.0,0,0,0,0,1,1
1265,1266,395974,396127.5,0,0,0,0,1,0
1266,1267,396281,396436.5,0,0,0,0,1,1
1267,1268,396592,396746.5,0,0,0,0,2,0
1268,1269,396901,397056.5,0,0,0,0,2,0
1269,1270,397212,397366.5,0,0,0,0,2,0
1270,1271,397521,397673.5,0,0,0,0,0,0
1271,1272,397826,397981.0,0,0,0,0,1,0
1272,1273,398136,398288.0,0,0,0,0,1,1
1273,1274,398440,398596.5,0,0,0,0,1,1
1274,1275,398753,398907.5,0,0,0,0,0,0
1275,1276,399062,399216.5,0,0,0,0,1,0
1276,1277,399371,399526.5,0,0,0,0,2,0
1277,1278,399682,399841.5,5,0,0,0,2,0
1278,1279,400001,400158.5,1,0,0,0,3,0
1279,1280,400316,400478.5,0,0,0,0,1,3
1280,1281,400641,400803.0,1,0,0,0,0,4
1281,1282,400965,401118.5,0,0,0,0,0,2
1282,1283,401272,401428.5,3,0,0,0,0,1
1283,1284,401585,401742.0,0,0,0,0,1,0
1284,1285,401899,402055.5,0,0,0,0,1,1
1285,1286,402212,402369.5,0,0,0,0,2,0
1286,1287,402527,402683.0,1,0,0,0,2,0
1287,1288,402839,402993.0,0,0,0,0,1,1
1288,1289,403147,403302.5,0,0,0,0,0,1
1289,1290,403458,403613.0,0,0,0,0,1,0
1290,1291,403768,403924.0,0,0,1,0,0,0
1291,1292,404080,404236.5,1,0,0,0,1,1
1292,1293,404393,404550.5,0,0,0,0,1,0
1293,1294,404708,404869.5,0,0,0,2,1,0
1294,1295,405031,405194.5,0,0,0,0,0,0
1295,1296,405358,405514.5,0,0,0,0,1,1
1296,1297,405671,405833.0,0,0,0,0,1,1
1297,1298,405995,406152.0,0,0,1,0,2,0
1298,1299,406309,406471.0,0,0,0,0,1,3
1299,1300,406633,406788.5,0,0,0,0,1,2
1300,1301,406944,407106.5,0,0,0,0,2,0
1301,1302,407269,407427.5,0,0,0,1,2,0
1302,1303,407586,407746.0,0,0,0,0,1,2
1303,1304,407906,408059.0,0,0,0,0,0,1
1304,1305,408212,408371.5,0,0,0,0,3,0
1305,1306,408531,408688.0,0,0,0,0,1,0
1306,1307,408845,408998.5,0,0,0,1,0,0
1307,1308,409152,409311.0,0,0,1,2,0,0
1308,1309,409470,409632.0,0,0,2,1,0,2
1309,1310,409794,409949.5,0,0,0,3,1,0
1310,1311,410105,410258.0,0,0,0,0,0,0
1311,1312,410411,410566.0,1,0,0,0,0,0
1312,1313,410721,410874.0,0,0,0,0,0,0
1313,1314,411027,411183.5,0,0,0,0,0,0
1314,1315,411340,411499.0,0,0,0,0,0,1
1315,1316,411658,411817.0,0,0,0,1,2,2
1316,1317,411976,412130.0,0,0,0,0,1,0
1317,1318,412284,412443.5,1,0,1,0,1,1
1318,1319,412603,412765.5,0,0,0,0,3,1
1319,1320,412928,413088.5,0,0,0,0,1,4
1320,1321,413249,413405.5,0,0,0,0,0,0
1321,1322,413562,413717.5,0,0,0,0,2,1
1322,1323,413873,414029.0,0,0,0,1,0,0
1323,1324,414185,414342.5,0,0,0,3,0,1
1324,1325,414500,414658.0,1,0,0,0,1,3
1325,1326,414816,414972.0,0,0,0,0,0,2
1326,1327,415128,415284.0,0,0,0,0,1,0
1327,1328,415440,415596.0,0,0,0,0,0,0
1328,1329,415752,415908.0,0,0,0,0,0,1
1329,1330,416064,416220.0,0,0,0,0,0,3
1330,1331,416376,416529.0,0,0,0,0,0,0
1331,1332,416682,416838.0,0,0,0,0,0,0
1332,1333,416994,417150.5,0,0,0,0,1,1
1333,1334,417307,417462.5,0,0,0,0,1,0
1334,1335,417618,417774.0,0,0,0,0,0,1
1335,1336,417930,418085.0,0,0,0,0,0,0
1336,1337,418240,418394.0,0,0,0,0,0,0
1337,1338,418548,418704.0,0,0,1,0,0,0
1338,1339,418860,419014.5,0,0,0,0,0,1
1339,1340,419169,419325.5,0,0,1,0,1,0
1340,1341,419482,419636.0,0,0,0,0,2,0
1341,1342,419790,419945.5,0,0,0,0,0,0
1342,1343,420101,420255.0,0,0,0,0,0,1
1343,1344,420409,420570.5,0,0,0,0,2,0
1344,1345,420732,420888.0,0,0,0,0,0,0
1345,1346,421044,421201.0,0,0,0,0,1,3
1346,1347,421358,421516.0,0,0,0,0,1,1
1347,1348,421674,421826.5,0,0,0,0,0,0
1348,1349,421979,422134.5,0,0,0,0,0,0
1349,1350,422290,422448.0,0,0,0,0,2,1
1350,1351,422606,422758.0,0,0,0,0,0,0
1351,1352,422910,423069.0,0,0,0,0,0,1
1352,1353,423228,423389.0,0,0,0,0,3,2
1353,1354,423550,423715.5,0,0,0,0,1,2
1354,1355,423881,424039.5,1,0,0,0,2,0
1355,1356,424198,424353.5,0,0,0,0,0,0
1356,1357,424509,424661.5,0,0,0,0,2,0
1357,1358,424814,424969.5,0,0,4,0,1,0
1358,1359,425125,425281.5,0,0,2,0,0,0
1359,1360,425438,425589.5,0,0,0,0,0,0
1360,1361,425741,425895.5,0,0,0,0,3,0
1361,1362,426050,426204.5,0,0,1,0,1,0
1362,1363,426359,426513.5,0,0,1,0,1,0
1363,1364,426668,426825.0,0,0,3,0,3,1
1364,1365,426982,427136.0,0,0,0,0,2,0
1365,1366,427290,427442.5,0,0,0,0,0,0
1366,1367,427595,427747.0,0,0,0,0,0,0
1367,1368,427899,428052.0,0,0,0,0,0,0
1368,1369,428205,428360.5,0,0,0,0,2,0
1369,1370,428516,428670.5,1,1,0,0,0,0
1370,1371,428825,428981.5,0,0,0,0,1,0
1371,1372,429138,429293.5,0,1,0,0,0,0
1372,1373,429449,429604.0,0,0,1,0,0,0
1373,1374,429759,429916.0,0,0,0,0,2,0
1374,1375,430073,430232.0,0,0,0,0,3,0
1375,1376,430391,430544.0,0,0,0,0,0,0
1376,1377,430697,430855.5,0,0,0,0,1,1
1377,1378,431014,431168.0,0,0,0,0,1,0
1378,1379,431322,431475.5,0,0,0,0,1,0
1379,1380,431629,431783.0,1,0,0,0,2,0
1380,1381,431937,432095.0,0,0,0,1,1,1
1381,1382,432253,432415.5,0,0,0,0,1,1
1382,1383,432578,432737.5,0,0,0,1,0,1
1383,1384,432897,433058.5,0,0,0,2,2,1
1384,1385,433220,433378.5,0,0,0,6,0,0
1385,1386,433537,433701.5,0,0,0,2,3,2
1386,1387,433866,434020.5,0,0,0,0,0,1
1387,1388,434175,434334.0,0,0,0,0,0,0
1388,1389,434493,434645.5,0,0,0,0,0,0
1389,1390,434798,434953.5,0,0,0,0,0,0
1390,1391,435109,435265.0,0,0,0,0,0,0
1391,1392,435421,435577.0,0,0,0,0,0,0
1392,1393,435733,435887.0,0,0,0,1,2,0
1393,1394,436041,436194.5,0,0,0,1,0,0
1394,1395,436348,436503.0,0,0,0,0,4,0
1395,1396,436658,436811.5,0,0,0,0,0,1
1396,1397,436965,437123.0,0,0,1,0,0,0
1397,1398,437281,437438.5,0,0,0,0,4,1
1398,1399,437596,437750.5,0,0,0,0,1,0
1399,1400,437905,438061.5,1,0,0,1,0,0
1400,1401,438218,438390.0,0,0,0,0,0,0
1401,1402,438562,438729.5,0,0,0,0,0,0
1402,1403,438897,439051.0,0,0,0,0,0,0
1403,1404,439205,439359.5,0,0,0,0,1,2
1404,1405,439514,439668.0,0,0,0,0,0,0
1405,1406,439822,439978.5,0,0,0,1,0,0
1406,1407,440135,440291.5,1,0,0,0,2,2
1407,1408,440448,440608.0,0,0,0,1,0,2
1408,1409,440768,440923.5,0,0,0,0,2,0
1409,1410,441079,441234.5,0,0,0,0,1,1
1410,1411,441390,441547.5,0,0,0,0,0,1
1411,1412,441705,441861.5,0,0,0,0,0,1
1412,1413,442018,442170.5,0,0,0,0,0,0
1413,1414,442323,442477.5,0,0,0,2,0,1
1414,1415,442632,442788.0,0,0,0,1,2,0
1415,1416,442944,443097.5,0,0,0,0,1,0
1416,1417,443251,443405.0,0,0,0,0,3,0
1417,1418,443559,443715.5,0,0,0,0,2,0
1418,1419,443872,444031.5,0,1,0,0,4,0
1419,1420,444191,444343.5,0,1,0,0,1,0
1420,1421,444496,444652.5,0,0,2,0,0,0
1421,1422,444809,444962.0,0,0,0,0,0,0
1422,1423,445115,445269.0,1,0,0,0,0,0
1423,1424,445423,445575.0,1,0,0,0,0,0
1424,1425,445727,445881.0,0,0,2,0,0,0
1425,1426,446035,446191.0,1,0,1,0,0,0
1426,1427,446347,446502.5,0,0,1,0,1,1
1427,1428,446658,446815.0,0,0,1,0,1,1
1428,1429,446972,447127.0,0,0,0,0,0,0
1429,1430,447282,447436.0,0,0,0,0,0,0
1430,1431,447590,447743.0,0,0,0,0,0,0
1431,1432,447896,448050.5,0,0,1,0,0,0
1432,1433,448205,448359.5,0,0,0,0,0,0
1433,1434,448514,448666.5,0,0,0,0,0,0
1434,1435,448819,448972.0,0,0,0,0,0,0
1435,1436,449125,449278.5,0,0,0,0,0,0
1436,1437,449432,449586.5,1,0,0,0,0,0
1437,1438,449741,449895.5,0,0,1,1,0,0
1438,1439,450050,450211.0,0,0,0,0,2,0
1439,1440,450372,450541.0,0,0,0,0,0,0
1440,1441,450710,450865.0,1,0,0,0,1,0
1441,1442,451020,451173.0,0,0,0,0,1,0
1442,1443,451326,451483.0,0,0,0,0,0,0
1443,1444,451640,451796.0,2,2,0,0,0,0
1444,1445,451952,452106.5,0,0,0,0,1,0
1445,1446,452261,452423.0,0,0,0,1,1,0
1446,1447,452585,452743.5,0,0,1,1,1,0
1447,1448,452902,453061.5,0,0,0,0,5,1
1448,1449,453221,453379.5,0,0,0,0,3,1
1449,1450,453538,453691.0,1,0,0,0,1,0
1450,1451,453844,453996.5,0,0,0,0,0,0
1451,1452,454149,454301.5,0,0,0,0,0,0
1452,1453,454454,454612.0,2,0,0,0,4,1
1453,1454,454770,454928.5,0,0,0,0,1,1
1454,1455,455087,455244.0,0,0,0,0,2,1
1455,1456,455401,455561.5,0,0,0,0,3,0
1456,1457,455722,455880.0,1,0,0,1,1,0
1457,1458,456038,456190.0,0,0,0,0,0,0
1458,1459,456342,456498.0,1,2,0,1,0,0
1459,1460,456654,456809.0,1,0,0,2,1,0
1460,1461,456964,457125.5,0,0,0,0,0,0
1461,1462,457287,457459.5,0,0,0,0,0,0
1462,1463,457632,457794.0,0,0,0,0,1,0
1463,1464,457956,458113.0,0,3,0,0,0,0
1464,1465,458270,458423.5,0,0,1,0,0,0
1465,1466,458577,458731.0,0,1,0,0,0,0
1466,1467,458885,459039.0,0,1,0,0,0,0
1467,1468,459193,459347.0,0,0,2,0,0,0
1468,1469,459501,459653.5,0,0,0,0,0,0
1469,1470,459806,459963.5,0,0,1,0,0,0
1470,1471,460121,460276.0,0,0,4,0,0,0
1471,1472,460431,460587.0,0,0,1,0,0,0
1472,1473,460743,460895.5,0,0,0,0,0,0
1473,1474,461048,461205.0,0,1,0,0,0,0
1474,1475,461362,461524.0,0,0,1,0,0,0
1475,1476,461686,461847.0,0,0,0,1,0,0
1476,1477,462008,462163.0,0,0,0,0,1,0
1477,1478,462318,462475.0,0,1,0,0,0,0
1478,1479,462632,462797.5,0,0,0,1,1,0
1479,1480,462963,463120.5,0,0,0,0,1,3
1480,1481,463278,463433.5,0,0,1,0,2,0
1481,1482,463589,463744.0,0,1,0,0,0,0
1482,1483,463899,464057.5,1,0,1,1,0,0
1483,1484,464216,464368.0,0,0,0,0,0,1
1484,1485,464520,464675.0,0,0,0,0,0,1
1485,1486,464830,464989.0,0,0,0,0,3,1
1486,1487,465148,465304.0,0,0,0,0,0,0
1487,1488,465460,465616.5,0,0,0,0,2,0
1488,1489,465773,465926.0,0,0,0,0,0,0
1489,1490,466079,466233.5,0,0,0,0,1,0
1490,1491,466388,466539.5,0,0,0,0,1,0
1491,1492,466691,466846.5,1,0,0,0,1,0
1492,1493,467002,467155.5,0,0,0,0,1,0
1493,1494,467309,467460.0,0,0,0,0,0,0
1494,1495,467611,467764.5,0,0,0,0,0,0
1495,1496,467918,468075.0,0,0,0,0,0,1
1496,1497,468232,468395.0,0,0,0,0,1,0
1497,1498,468558,468712.0,0,0,2,0,0,0
1498,1499,468866,469023.5,0,0,0,0,1,0
1499,1500,469181,469334.5,0,0,0,0,0,0
1500,1501,469488,469645.0,2,1,1,0,2,0
1501,1502,469802,469959.0,6,0,2,0,0,0
1502,1503,470116,470278.5,12,0,4,0,0,0
1503,1504,470441,470599.5,2,0,7,0,0,0
1504,1505,470758,470912.5,2,0,2,1,0,0
1505,1506,471067,471224.0,5,0,0,3,0,0
1506,1507,471381,471533.5,0,0,0,0,0,0
1507,1508,471686,471840.0,2,0,0,0,0,0
1508,1509,471994,472145.5,0,0,0,0,0,0
1509,1510,472297,472449.5,0,0,0,0,0,0
1510,1511,472602,472755.0,0,0,0,0,0,0
1511,1512,472908,473060.0,0,0,1,0,0,0
1512,1513,473212,473373.5,0,0,0,0,3,0
1513,1514,473535,473692.0,0,0,0,0,1,0
1514,1515,473849,474005.5,0,0,0,0,0,0
1515,1516,474162,474317.5,1,2,0,0,0,0
1516,1517,474473,474624.0,0,0,0,0,0,0
1517,1518,474775,474927.5,0,0,0,0,0,0
1518,1519,475080,475231.0,0,0,0,0,0,0
1519,1520,475382,475535.0,0,0,0,0,0,0
1520,1521,475688,475841.5,0,1,0,0,0,0
1521,1522,475995,476158.5,0,2,0,0,0,0
1522,1523,476322,476474.0,0,1,0,0,0,0
1523,1524,476626,476779.0,0,0,0,0,0,0
1524,1525,476932,477084.5,0,0,0,0,0,0
1525,1526,477237,477405.5,0,0,1,0,0,0
1526,1527,477574,477725.5,0,0,0,0,0,0
1527,1528,477877,478032.5,0,0,0,0,0,0
1528,1529,478188,478346.0,0,0,0,0,0,0
1529,1530,478504,478659.0,1,1,1,0,0,0
1530,1531,478814,478966.0,0,0,0,0,1,0
1531,1532,479118,479275.5,0,1,0,0,0,0
1532,1533,479433,479586.5,0,0,0,0,0,0
1533,1534,479740,479895.5,0,0,0,0,1,2
1534,1535,480051,480209.5,0,0,0,0,0,0
1535,1536,480368,480523.0,0,0,0,0,0,0
1536,1537,480678,480832.5,0,1,0,0,0,0
1537,1538,480987,481143.0,0,1,2,0,1,0
1538,1539,481299,481458.0,0,0,0,1,0,1
1539,1540,481617,481774.5,0,0,0,0,2,1
1540,1541,481932,482085.0,0,0,0,0,0,0
1541,1542,482238,482389.5,0,0,0,0,0,0
1542,1543,482541,482696.0,1,0,0,0,0,0
1543,1544,482851,483006.0,1,1,0,0,0,0
1544,1545,483161,483315.5,0,2,0,0,0,0
1545,1546,483470,483630.0,0,3,0,0,0,0
1546,1547,483790,483955.0,0,7,0,0,0,0
1547,1548,484120,484278.5,0,3,0,0,0,0
1548,1549,484437,484593.0,0,8,0,0,0,0
1549,1550,484749,484902.0,0,0,0,0,0,0
1550,1551,485055,485208.0,0,0,0,0,0,0
1551,1552,485361,485515.5,0,0,0,0,0,0
1552,1553,485670,485822.5,0,0,0,0,1,0
1553,1554,485975,486131.0,0,0,0,0,3,0
1554,1555,486287,486441.0,0,0,0,0,1,0
1555,1556,486595,486748.0,0,0,1,0,0,0
1556,1557,486901,487054.0,0,0,0,0,0,0
1557,1558,487207,487362.5,0,0,2,0,0,0
1558,1559,487518,487672.0,1,1,0,0,0,0
1559,1560,487826,487982.5,0,0,0,0,1,1
1560,1561,488139,488299.5,0,0,1,2,0,0
1561,1562,488460,488615.0,0,0,0,0,2,0
1562,1563,488770,488925.0,1,0,0,0,1,1
1563,1564,489080,489238.5,0,0,0,0,3,0
1564,1565,489397,489556.0,1,0,0,0,1,3
1565,1566,489715,489869.0,0,0,0,0,0,1
1566,1567,490023,490177.0,0,0,0,0,2,0
1567,1568,490331,490484.0,0,0,0,0,0,0
1568,1569,490637,490792.0,0,0,0,1,0,0
1569,1570,490947,491102.5,0,3,0,0,0,0
1570,1571,491258,491410.0,0,0,0,0,0,0
1571,1572,491562,491716.0,0,0,0,0,0,0
1572,1573,491870,492024.5,0,0,0,0,0,0
1573,1574,492179,492335.0,0,0,1,3,0,0
1574,1575,492491,492643.5,0,0,0,0,0,0
1575,1576,492796,492953.0,1,0,0,1,2,0
1576,1577,493110,493265.5,0,0,0,0,0,0
1577,1578,493421,493580.0,0,0,0,0,4,1
1578,1579,493739,493890.5,0,0,0,0,0,0
1579,1580,494042,494196.0,0,0,0,0,1,0
1580,1581,494350,494505.5,0,0,0,0,1,0
1581,1582,494661,494815.5,0,0,0,0,1,0
1582,1583,494970,495122.5,0,2,0,0,0,0
1583,1584,495275,495428.5,0,0,0,0,0,0
1584,1585,495582,495734.5,0,0,0,0,0,0
1585,1586,495887,496041.5,0,0,0,0,0,2
1586,1587,496196,496349.5,0,0,0,0,0,0
1587,1588,496503,496665.0,1,0,0,0,1,0
1588,1589,496827,496979.5,0,0,0,0,0,0
1589,1590,497132,497285.0,0,0,0,0,0,1
1590,1591,497438,497592.0,0,0,0,0,0,0
1591,1592,497746,497900.0,0,0,0,0,1,0
1592,1593,498054,498211.0,0,0,0,0,2,0
1593,1594,498368,498527.5,0,0,0,0,4,0
1594,1595,498687,498850.5,0,0,0,0,5,0
1595,1596,499014,499169.5,0,0,0,0,1,0
1596,1597,499325,499477.5,0,0,0,0,0,0
1597,1598,499630,499782.0,0,0,0,0,0,1
1598,1599,499934,500089.5,0,0,0,0,3,0
1599,1600,500245,500398.0,0,0,0,0,1,0
1600,1601,500551,500702.0,0,0,0,0,0,0
1601,1602,500853,501007.0,0,0,0,0,0,0
1602,1603,501161,501316.5,0,0,0,0,0,0
1603,1604,501472,501626.0,0,0,0,0,0,0
1604,1605,501780,501932.5,0,0,0,0,0,0
1605,1606,502085,502240.0,0,0,0,0,0,0
1606,1607,502395,502566.0,0,0,0,0,0,0
1607,1608,502737,502901.0,0,0,0,0,0,0
1608,1609,503065,503222.0,0,0,0,0,1,0
1609,1610,503379,503534.5,2,0,0,0,0,0
1610,1611,503690,503842.5,0,0,0,0,0,0
1611,1612,503995,504150.0,0,0,0,0,0,0
1612,1613,504305,504458.5,0,0,0,0,0,0
1613,1614,504612,504764.5,0,0,0,0,0,0
1614,1615,504917,505071.5,0,0,0,0,1,1
1615,1616,505226,505382.0,0,0,0,0,1,0
1616,1617,505538,505694.5,0,0,0,0,0,0
1617,1618,505851,506005.0,0,0,0,0,0,0
1618,1619,506159,506313.5,0,0,0,0,0,0
1619,1620,506468,506621.5,0,0,0,0,0,0
1620,1621,506775,506928.5,0,0,0,0,0,0
1621,1622,507082,507239.5,0,0,1,0,0,0
1622,1623,507397,507549.5,0,0,0,0,0,0
1623,1624,507702,507857.5,0,0,0,0,0,0
1624,1625,508013,508165.5,0,0,0,0,0,0
1625,1626,508318,508471.0,0,0,0,0,0,0
1626,1627,508624,508777.5,0,0,0,0,0,0
1627,1628,508931,509090.5,0,0,0,0,0,1
1628,1629,509250,509404.5,0,0,0,0,0,0
1629,1630,509559,509713.0,0,0,0,0,0,0
1630,1631,509867,510022.5,0,0,0,0,0,0
1631,1632,510178,510331.0,0,0,0,1,2,0
1632,1633,510484,510639.5,0,0,0,0,1,1
1633,1634,510795,510950.0,0,0,0,0,2,0
1634,1635,511105,511259.5,0,0,0,0,2,0
1635,1636,511414,511567.0,0,0,0,0,0,1
1636,1637,511720,511878.5,1,0,0,0,5,0
1637,1638,512037,512190.0,0,0,0,0,1,0
1638,1639,512343,512495.5,0,0,0,0,1,0
1639,1640,512648,512809.0,1,0,2,0,0,0
1640,1641,512970,513125.5,0,0,0,0,0,0
1641,1642,513281,513436.0,0,0,1,0,0,0
1642,1643,513591,513746.0,3,0,0,0,0,0
1643,1644,513901,514056.5,5,0,0,0,0,0
1644,1645,514212,514369.0,4,0,0,0,0,0
1645,1646,514526,514683.0,4,0,0,1,0,0
1646,1647,514840,514996.5,1,0,0,1,0,0
1647,1648,515153,515311.5,3,0,0,4,0,0
1648,1649,515470,515628.0,2,0,0,0,0,0
1649,1650,515786,515940.0,2,0,0,0,0,0
1650,1651,516094,516247.0,1,0,0,0,0,0
1651,1652,516400,516556.0,1,0,0,0,0,0
1652,1653,516712,516871.0,3,0,0,0,2,0
1653,1654,517030,517191.5,4,0,0,1,1,0
1654,1655,517353,517510.0,4,0,0,0,3,0
1655,1656,517667,517826.5,2,0,0,0,2,0
1656,1657,517986,518144.0,0,0,0,0,4,0
1657,1658,518302,518461.0,4,0,0,0,2,0
1658,1659,518620,518779.0,1,0,0,0,4,0
1659,1660,518938,519097.5,0,0,0,0,0,2
1660,1661,519257,519411.5,3,0,0,0,1,2
1661,1662,519566,519721.5,2,0,0,0,1,2
1662,1663,519877,520034.5,6,0,0,0,1,0
1663,1664,520192,520347.5,1,0,0,0,4,0
1664,1665,520503,520662.0,8,0,0,0,0,1
1665,1666,520821,520978.0,2,0,0,0,0,2
1666,1667,521135,521297.5,2,0,0,0,0,9
1667,1668,521460,521620.0,1,1,0,0,0,1
1668,1669,521780,521937.0,0,1,2,0,0,0
1669,1670,522094,522248.5,0,0,0,0,0,2
1670,1671,522403,522560.0,0,0,0,0,0,0
1671,1672,522717,522874.5,1,0,0,0,0,0
1672,1673,523032,523188.0,0,0,1,0,0,0
1673,1674,523344,523500.0,0,0,0,0,0,0
1674,1675,523656,523809.0,1,1,0,0,0,0
1675,1676,523962,524124.5,2,0,0,0,0,0
1676,1677,524287,524442.5,4,1,0,0,0,0
1677,1678,524598,524751.0,0,1,2,0,0,0
1678,1679,524904,525059.5,1,2,2,0,0,0
1679,1680,525215,525371.0,0,3,0,0,0,0
1680,1681,525527,525682.0,0,5,0,0,0,0
1681,1682,525837,525995.5,0,3,4,0,0,0
1682,1683,526154,526312.0,1,2,4,0,0,0
1683,1684,526470,526628.0,0,0,5,0,0,0
1684,1685,526786,526938.5,0,0,0,1,0,0
1685,1686,527091,527245.5,0,0,0,0,2,0
1686,1687,527400,527553.5,0,0,0,0,1,0
1687,1688,527707,527858.5,0,0,0,0,1,0
1688,1689,528010,528165.5,0,0,0,0,1,1
1689,1690,528321,528476.5,1,0,0,0,0,0
1690,1691,528632,528785.0,2,2,0,0,0,0
1691,1692,528938,529095.0,0,4,1,0,0,0
1692,1693,529252,529406.5,0,1,1,0,0,0
1693,1694,529561,529717.0,0,1,0,0,0,0
1694,1695,529873,530027.5,0,1,0,1,0,0
1695,1696,530182,530338.0,0,0,0,0,1,0
1696,1697,530494,530648.0,0,0,1,0,0,0
1697,1698,530802,530955.5,0,0,0,0,0,0
1698,1699,531109,531260.5,0,0,0,0,0,0
1699,1700,531412,531565.5,0,0,0,0,0,0
1700,1701,531719,531872.5,0,0,0,0,0,0
1701,1702,532026,532177.5,0,0,0,0,0,0
1702,1703,532329,532483.0,0,0,0,0,0,0
1703,1704,532637,532791.0,0,0,0,0,0,0
1704,1705,532945,533097.5,0,0,0,0,0,0
1705,1706,533250,533403.5,0,0,0,0,0,0
1706,1707,533557,533709.5,0,0,0,0,0,0
1707,1708,533862,534017.0,0,6,0,0,0,0
1708,1709,534172,534326.0,0,1,0,0,0,0
1709,1710,534480,534634.5,0,0,0,0,0,0
1710,1711,534789,534941.5,0,0,0,0,0,0
1711,1712,535094,535246.0,0,0,0,0,0,0
1712,1713,535398,535551.5,0,0,0,0,0,0
1713,1714,535705,535861.0,0,1,0,0,0,0
1714,1715,536017,536172.0,0,3,1,0,0,0
1715,1716,536327,536481.0,0,2,0,0,0,0
1716,1717,536635,536790.0,0,0,1,0,0,0
1717,1718,536945,537100.5,0,1,0,0,0,0
1718,1719,537256,537409.0,0,0,0,0,0,0
1719,1720,537562,537720.0,0,3,0,0,0,0
1720,1721,537878,538034.0,0,0,0,0,0,0
1721,1722,538190,538343.5,0,0,0,0,0,0
1722,1723,538497,538650.5,0,0,1,0,0,0
1723,1724,538804,538959.5,0,0,1,0,1,0
1724,1725,539115,539266.5,0,0,0,0,1,0
1725,1726,539418,539572.0,0,0,0,0,2,0
1726,1727,539726,539882.5,0,0,0,0,0,5
1727,1728,540039,540195.0,0,0,1,0,0,0
1728,1729,540351,540504.5,0,0,0,0,0,0
1729,1730,540658,540812.0,1,0,1,0,0,0
1730,1731,540966,541121.5,1,0,2,0,0,0
1731,1732,541277,541430.5,0,0,1,0,1,0
1732,1733,541584,541739.5,0,1,1,0,1,0
1733,1734,541895,542049.0,0,0,0,0,0,1
1734,1735,542203,542355.0,0,0,0,0,0,0
1735,1736,542507,542660.0,0,0,0,0,0,0
1736,1737,542813,542970.0,1,0,4,0,1,0
1737,1738,543127,543280.0,0,0,1,0,0,0
1738,1739,543433,543585.0,0,0,0,0,0,0
1739,1740,543737,543891.0,1,0,0,0,0,0
1740,1741,544045,544199.0,0,0,0,1,1,0
1741,1742,544353,544504.5,0,0,0,0,0,0
1742,1743,544656,544810.5,0,0,0,0,3,0
1743,1744,544965,545121.0,1,0,0,0,0,4
1744,1745,545277,545430.0,0,0,0,0,0,2
1745,1746,545583,545740.5,0,0,4,0,0,0
1746,1747,545898,546055.0,0,0,8,0,0,0
1747,1748,546212,546366.5,0,0,0,0,3,0
1748,1749,546521,546674.5,0,0,0,0,0,1
1749,1750,546828,546988.0,0,0,0,0,2,0
1750,1751,547148,547301.0,0,0,0,0,0,0
1751,1752,547454,547608.5,0,0,0,0,0,0
1752,1753,547763,547917.0,0,0,0,0,0,0
1753,1754,548071,548226.0,0,0,1,0,0,1
1754,1755,548381,548534.5,0,0,0,0,0,0
1755,1756,548688,548839.5,0,0,0,0,0,0
1756,1757,548991,549148.5,0,0,4,0,0,0
1757,1758,549306,549460.5,0,0,3,0,0,0
1758,1759,549615,549767.0,0,0,1,0,0,0
1759,1760,549919,550075.0,0,0,0,1,0,1
1760,1761,550231,550386.5,0,1,1,0,1,0
1761,1762,550542,550700.0,0,0,2,0,0,0
1762,1763,550858,551013.5,5,0,0,0,0,0
1763,1764,551169,551324.0,0,0,2,0,0,0
1764,1765,551479,551634.5,1,0,4,0,0,0
1765,1766,551790,551943.0,4,0,0,0,0,0
1766,1767,552096,552250.5,2,0,0,0,0,0
1767,1768,552405,552559.5,1,0,0,0,0,0
1768,1769,552714,552868.0,0,0,2,0,0,0
1769,1770,553022,553175.0,0,0,2,0,0,0
1770,1771,553328,553484.0,0,0,1,0,0,0
1771,1772,553640,553794.0,1,0,1,0,0,0
1772,1773,553948,554105.0,0,0,4,0,0,0
1773,1774,554262,554417.5,1,0,2,0,0,0
1774,1775,554573,554731.5,0,0,1,0,0,2
1775,1776,554890,555045.0,0,0,1,0,0,1
1776,1777,555200,555355.5,1,0,4,0,0,0
1777,1778,555511,555672.0,1,0,2,0,0,0
1778,1779,555833,555989.0,0,0,0,0,0,3
1779,1780,556145,556299.0,0,0,0,0,0,1
1780,1781,556453,556606.5,0,0,0,0,0,4
1781,1782,556760,556917.5,0,0,1,0,0,0
1782,1783,557075,557230.5,0,0,0,0,2,0
1783,1784,557386,557543.0,0,0,1,0,0,0
1784,1785,557700,557856.5,0,0,0,0,0,0
1785,1786,558013,558166.0,0,2,1,0,0,0
1786,1787,558319,558474.0,1,0,1,0,1,0
1787,1788,558629,558782.5,0,0,0,0,0,0
1788,1789,558936,559087.5,0,0,0,0,0,0
1789,1790,559239,559396.0,0,1,0,1,0,1
1790,1791,559553,559710.0,0,0,0,0,2,1
1791,1792,559867,560022.5,0,0,2,0,0,0
1792,1793,560178,560335.5,0,0,0,0,2,0
1793,1794,560493,560647.0,0,0,0,0,3,0
1794,1795,560801,560956.5,0,0,0,1,3,0
1795,1796,561112,561279.0,0,0,0,0,1,0
1796,1797,561446,561599.5,0,0,0,0,1,0
1797,1798,561753,561907.5,0,0,0,1,2,0
1798,1799,562062,562216.5,0,0,0,0,1,0
1799,1800,562371,562525.5,1,0,0,1,0,0
1800,1801,562680,562833.5,0,0,0,0,0,0
1801,1802,562987,563139.5,1,0,0,0,1,0
1802,1803,563292,563451.0,10,0,0,0,0,0
1803,1804,563610,563767.5,2,0,0,0,1,0
1804,1805,563925,564082.5,0,0,0,0,3,1
1805,1806,564240,564397.0,0,0,0,0,3,0
1806,1807,564554,564711.0,2,0,0,0,6,0
1807,1808,564868,565021.0,0,0,0,0,0,0
1808,1809,565174,565328.5,0,0,0,0,1,0
1809,1810,565483,565634.0,0,0,0,0,0,0
1810,1811,565785,565943.5,0,0,0,0,8,0
1811,1812,566102,566262.5,0,0,0,0,4,0
1812,1813,566423,566579.0,0,0,0,0,4,0
1813,1814,566735,566888.5,0,0,0,0,2,0
1814,1815,567042,567200.0,0,0,0,0,3,0
1815,1816,567358,567515.5,1,0,0,0,2,0
1816,1817,567673,567831.5,0,0,0,0,2,0
1817,1818,567990,568145.5,0,1,0,0,1,1
1818,1819,568301,568454.0,0,0,0,0,0,1
1819,1820,568607,568764.0,0,0,0,0,4,0
1820,1821,568921,569078.0,1,0,0,0,1,1
1821,1822,569235,569386.5,0,0,0,0,0,0
1822,1823,569538,569696.5,0,0,0,0,3,1
1823,1824,569855,570009.0,0,0,0,0,1,0
1824,1825,570163,570319.5,0,0,0,1,2,2
1825,1826,570476,570637.5,0,0,0,0,3,1
1826,1827,570799,570953.0,0,0,0,0,3,0
1827,1828,571107,571261.5,2,0,0,0,1,0
1828,1829,571416,571575.5,0,0,0,0,3,2
1829,1830,571735,571891.0,0,0,0,0,1,0
1830,1831,572047,572203.5,0,0,0,0,3,2
1831,1832,572360,572519.5,0,0,0,0,1,0
1832,1833,572679,572836.0,0,0,0,0,0,3
1833,1834,572993,573150.5,3,0,0,0,1,0
1834,1835,573308,573462.5,5,0,0,0,1,0
1835,1836,573617,573771.5,0,0,1,0,0,0
1836,1837,573926,574080.0,0,0,0,0,0,0
1837,1838,574234,574387.5,0,0,0,0,0,0
1838,1839,574541,574694.0,0,0,0,0,0,0
1839,1840,574847,575001.5,1,0,1,0,0,0
1840,1841,575156,575314.5,0,2,0,0,1,1
1841,1842,575473,575624.5,0,0,0,0,1,0
1842,1843,575776,575929.5,1,0,0,0,0,0
1843,1844,576083,576235.5,0,0,0,0,0,0
1844,1845,576388,576540.0,1,0,0,0,0,0
1845,1846,576692,576846.5,1,0,0,0,1,0
1846,1847,577001,577155.0,2,0,0,0,0,0
1847,1848,577309,577462.5,4,0,0,0,0,0
1848,1849,577616,577772.5,3,0,0,0,1,0
1849,1850,577929,578097.5,0,0,0,1,2,1
1850,1851,578266,578432.0,0,0,0,0,2,3
1851,1852,578598,578762.0,1,0,0,0,0,1
1852,1853,578926,579084.5,0,0,0,0,2,2
1853,1854,579243,579407.0,0,0,0,0,5,4
1854,1855,579571,579749.0,1,0,0,0,1,5
1855,1856,579927,580083.5,0,0,0,0,0,1
1856,1857,580240,580397.5,0,0,0,0,0,2
1857,1858,580555,580707.5,2,0,0,0,0,0
1858,1859,580860,581024.5,0,0,0,0,0,0
1859,1860,581189,581345.0,1,0,0,0,0,0
1860,1861,581501,581658.5,2,0,0,0,0,2
1861,1862,581816,581969.5,1,0,0,0,0,3
1862,1863,582123,582278.0,1,0,0,0,0,1
1863,1864,582433,582587.5,0,0,0,0,0,0
1864,1865,582742,582895.5,0,2,0,0,0,0
1865,1866,583049,583202.5,0,1,0,0,0,0
1866,1867,583356,583509.5,0,2,0,0,0,0
1867,1868,583663,583814.5,0,0,0,0,0,0
1868,1869,583966,584122.0,0,4,1,0,0,0
1869,1870,584278,584433.0,1,1,1,0,0,0
1870,1871,584588,584740.0,2,0,0,0,0,0
1871,1872,584892,585047.0,0,0,0,0,0,0
1872,1873,585202,585357.0,2,0,0,0,0,0
1873,1874,585512,585665.0,2,0,0,0,0,0
1874,1875,585818,585971.0,0,0,0,0,0,0
1875,1876,586124,586279.0,2,0,0,0,0,0
1876,1877,586434,586587.0,3,0,0,0,0,0
1877,1878,586740,586893.0,1,0,0,0,0,0
1878,1879,587046,587202.5,3,0,0,0,0,0
1879,1880,587359,587511.5,0,2,0,0,0,0
1880,1881,587664,587818.5,0,3,0,0,0,0
1881,1882,587973,588127.5,2,1,0,0,0,0
1882,1883,588282,588437.5,5,3,0,0,0,0
1883,1884,588593,588748.0,1,3,0,0,0,0
1884,1885,588903,589058.0,2,0,0,0,0,0
1885,1886,589213,589365.5,0,0,2,0,0,0
1886,1887,589518,589674.5,0,0,6,0,0,0
1887,1888,589831,589984.5,0,0,0,0,0,0
1888,1889,590138,590294.5,0,0,4,0,0,0
1889,1890,590451,590605.0,0,0,4,0,0,0
1890,1891,590759,590912.5,0,0,1,0,0,0
1891,1892,591066,591221.0,2,0,1,0,0,0
1892,1893,591376,591531.0,0,0,0,0,1,0
1893,1894,591686,591841.5,0,0,0,0,0,0
1894,1895,591997,592153.0,0,0,0,0,0,0
1895,1896,592309,592465.0,1,0,0,0,0,0
1896,1897,592621,592776.0,0,1,0,0,0,0
1897,1898,592931,593083.0,0,0,0,0,0,0
1898,1899,593235,593389.5,0,0,0,0,0,0
1899,1900,593544,593698.0,0,0,0,0,0,0
1900,1901,593852,594006.0,0,0,0,0,0,0
1901,1902,594160,594314.5,0,0,0,0,0,0
1902,1903,594469,594623.5,0,0,0,0,0,0
1903,1904,594778,594933.0,0,0,0,0,0,0
1904,1905,595088,595243.0,0,0,0,0,0,0
1905,1906,595398,595554.5,0,0,0,0,0,0
1906,1907,595711,595866.5,0,0,0,0,0,0
1907,1908,596022,596178.5,0,1,0,0,0,0
1908,1909,596335,596490.5,0,0,0,0,0,0
1909,1910,596646,596799.5,0,0,0,0,0,0
1910,1911,596953,597106.0,0,0,0,0,0,0
1911,1912,597259,597410.5,0,0,0,0,0,0
1912,1913,597562,597717.0,0,0,0,0,0,0
1913,1914,597872,598028.5,0,0,0,0,0,0
1914,1915,598185,598340.5,0,0,0,0,0,0
1915,1916,598496,598652.5,0,0,0,0,0,0
1916,1917,598809,598962.5,0,0,0,0,0,0
1917,1918,599116,599271.5,0,0,0,0,0,0
1918,1919,599427,599583.0,0,0,0,0,0,0
1919,1920,599739,599895.5,0,0,0,0,0,0
1920,1921,600052,600203.0,0,0,0,0,0,0
1921,1922,600354,600509.0,1,0,0,0,0,0
1922,1923,600664,600817.0,0,0,0,0,0,0
1923,1924,600970,601123.0,0,2,0,0,0,0
1924,1925,601276,601433.0,0,3,2,0,0,0
1925,1926,601590,601744.5,0,0,1,0,0,0
1926,1927,601899,602051.5,0,0,0,0,0,0
1927,1928,602204,602360.5,2,2,0,0,0,0
1928,1929,602517,602671.0,1,0,0,0,0,0
1929,1930,602825,602978.0,0,0,0,0,0,0
1930,1931,603131,603283.0,0,0,0,0,0,0
1931,1932,603435,603590.5,0,0,0,0,0,0
1932,1933,603746,603901.5,0,0,0,0,0,0
1933,1934,604057,604216.5,0,0,0,0,0,0
1934,1935,604376,604527.5,0,0,0,0,0,0
1935,1936,604679,604833.0,0,0,0,0,0,0
1936,1937,604987,605141.0,0,0,2,0,0,0
1937,1938,605295,605449.0,0,0,0,1,0,0
1938,1939,605603,605761.0,0,1,2,0,0,1
1939,1940,605919,606081.5,3,0,1,2,0,0
1940,1941,606244,606400.0,3,0,0,1,0,0
1941,1942,606556,606717.0,0,0,0,3,0,0
1942,1943,606878,607033.5,0,0,0,2,1,0
1943,1944,607189,607342.5,0,0,2,0,0,0
1944,1945,607496,607650.0,0,0,0,1,0,0
1945,1946,607804,607959.0,0,0,0,2,0,0
1946,1947,608114,608273.5,0,0,1,3,0,0
1947,1948,608433,608596.0,0,0,0,2,1,1
1948,1949,608759,608913.0,0,0,0,0,2,1
1949,1950,609067,609224.5,0,0,0,0,4,0
1950,1951,609382,609544.5,0,0,0,1,4,0
1951,1952,609707,609864.5,0,0,0,0,1,0
1952,1953,610022,610176.5,0,0,0,0,4,0
1953,1954,610331,610490.0,2,0,0,0,1,2
1954,1955,610649,610803.5,0,0,1,3,0,0
1955,1956,610958,611111.0,0,0,0,1,1,0
1956,1957,611264,611417.5,0,0,0,0,0,0
1957,1958,611571,611726.5,0,0,0,0,0,0
1958,1959,611882,612037.5,0,0,0,1,0,0
1959,1960,612193,612348.5,1,0,0,3,1,0
1960,1961,612504,612659.5,0,0,0,1,2,0
1961,1962,612815,612972.0,0,0,0,0,0,0
1962,1963,613129,613284.5,0,0,0,4,0,1
1963,1964,613440,613602.5,0,0,0,0,0,0
1964,1965,613765,613920.0,3,0,0,1,0,0
1965,1966,614075,614228.5,2,0,0,0,0,0
1966,1967,614382,614538.5,5,0,0,0,0,0
1967,1968,614695,614851.5,4,0,0,1,0,0
1968,1969,615008,615171.0,0,0,0,1,0,0
1969,1970,615334,615495.5,0,0,0,0,3,0
1970,1971,615657,615826.0,0,0,0,0,0,0
1971,1972,615995,616153.0,0,0,0,0,0,0
1972,1973,616311,616464.5,0,0,0,0,0,0
1973,1974,616618,616769.5,0,0,0,0,1,0
1974,1975,616921,617076.0,0,0,0,0,1,0
1975,1976,617231,617389.0,0,0,0,0,5,0
1976,1977,617547,617702.5,0,0,0,0,1,0
1977,1978,617858,618010.0,0,0,0,0,1,0
1978,1979,618162,618319.0,0,0,0,0,3,0
1979,1980,618476,618630.0,0,0,0,0,0,0
1980,1981,618784,618937.5,0,0,0,0,0,0
1981,1982,619091,619245.5,0,0,0,0,2,0
1982,1983,619400,619554.0,0,0,0,0,0,0
1983,1984,619708,619861.0,0,0,0,0,2,0
1984,1985,620014,620172.0,1,0,0,0,1,0
1985,1986,620330,620484.5,2,0,0,0,0,0
1986,1987,620639,620792.5,0,0,0,0,0,0
1987,1988,620946,621104.5,0,0,0,0,2,0
1988,1989,621263,621416.0,1,0,0,0,0,0
1989,1990,621569,621724.0,1,0,0,0,1,0
1990,1991,621879,622035.5,1,0,0,0,2,2
1991,1992,622192,622344.0,0,0,0,0,2,0
1992,1993,622496,622649.5,0,0,0,0,2,0
1993,1994,622803,622955.5,0,0,0,0,0,0
1994,1995,623108,623262.5,0,0,0,0,3,0
1995,1996,623417,623576.0,0,0,1,1,1,1
1996,1997,623735,623894.5,0,0,0,1,1,2
1997,1998,624054,624211.5,0,0,0,0,1,0
1998,1999,624369,624525.5,0,0,0,0,4,0
1999,2000,624682,624835.5,1,0,0,0,1,0
2000,2001,624989,625146.0,0,0,0,0,2,0
2001,2002,625303,625461.5,2,0,0,0,3,0
2002,2003,625620,625779.5,0,0,0,0,4,1
2003,2004,625939,626100.0,0,0,0,0,1,2
2004,2005,626261,626416.0,0,0,0,0,0,3
2005,2006,626571,626723.0,1,0,0,0,0,1
2006,2007,626875,627028.0,1,0,0,0,0,0
2007,2008,627181,627337.5,1,0,0,0,1,1
2008,2009,627494,627650.0,0,0,0,0,4,0
2009,2010,627806,627963.0,0,0,0,0,2,0
2010,2011,628120,628274.0,1,0,0,0,2,0
2011,2012,628428,628586.5,0,0,0,0,2,0
2012,2013,628745,628903.5,1,0,0,0,5,0
2013,2014,629062,629218.5,0,0,0,0,5,0
2014,2015,629375,629537.5,0,0,0,0,2,1
2015,2016,629700,629855.0,0,0,0,0,2,0
2016,2017,630010,630170.5,2,0,0,0,0,2
2017,2018,630331,630485.5,0,0,0,0,0,2
2018,2019,630640,630791.5,0,0,0,0,0,0
2019,2020,630943,631096.0,0,0,0,0,0,0
2020,2021,631249,631402.0,1,0,0,0,0,0
2021,2022,631555,631708.5,1,0,0,0,1,0
2022,2023,631862,632037.5,0,0,0,0,0,0
2023,2024,632213,632369.0,1,0,0,0,1,0
2024,2025,632525,632681.5,1,1,0,0,0,0
2025,2026,632838,632996.0,0,3,0,0,0,0
2026,2027,633154,633308.5,0,0,0,0,3,0
2027,2028,633463,633614.5,0,0,0,0,1,0
2028,2029,633766,633919.0,0,0,0,0,0,0
2029,2030,634072,634225.5,0,0,0,0,0,0
2030,2031,634379,634537.5,0,0,0,0,0,0
2031,2032,634696,634855.5,2,0,0,0,0,2
2032,2033,635015,635175.5,0,0,2,1,1,0
2033,2034,635336,635491.0,0,0,0,1,0,0
2034,2035,635646,635805.5,0,0,1,1,1,0
2035,2036,635965,636121.0,0,0,3,0,0,0
2036,2037,636277,636435.0,0,0,1,2,0,0
2037,2038,636593,636749.5,0,0,1,0,0,1
2038,2039,636906,637064.5,0,0,2,0,1,0
2039,2040,637223,637383.5,0,0,2,2,1,0
2040,2041,637544,637700.0,0,2,1,0,0,0
2041,2042,637856,638012.0,0,0,0,0,0,0
2042,2043,638168,638328.0,0,0,0,0,0,0
2043,2044,638488,638641.5,0,0,1,1,0,0
2044,2045,638795,638949.0,0,0,0,0,0,2
2045,2046,639103,639260.0,1,0,0,0,0,0
2046,2047,639417,639571.5,0,0,0,0,1,1
2047,2048,639726,639878.0,0,0,0,0,1,0
2048,2049,640030,640185.5,0,0,0,0,3,1
2049,2050,640341,640495.5,0,0,0,0,1,0
2050,2051,640650,640802.0,0,0,0,0,1,0
2051,2052,640954,641117.0,0,0,0,0,3,1
2052,2053,641280,641437.0,0,0,0,0,0,4
2053,2054,641594,641748.0,0,0,0,0,0,3
2054,2055,641902,642053.0,0,0,0,0,0,0
2055,2056,642204,642361.5,1,0,0,0,0,2
2056,2057,642519,642677.0,1,0,0,0,6,0
2057,2058,642835,642993.5,0,0,0,0,2,1
2058,2059,643152,643309.5,0,0,0,0,2,0
2059,2060,643467,643620.0,0,0,0,0,2,0
2060,2061,643773,643928.5,0,0,0,0,0,3
2061,2062,644084,644243.5,0,0,0,0,2,0
2062,2063,644403,644560.5,0,0,0,1,2,2
2063,2064,644718,644870.5,0,0,0,0,1,0
2064,2065,645023,645175.5,0,0,0,0,0,0
2065,2066,645328,645484.5,0,0,0,0,1,2
2066,2067,645641,645799.0,0,0,0,0,2,0
2067,2068,645957,646110.5,0,0,0,0,2,0
2068,2069,646264,646424.0,0,0,0,0,1,4
2069,2070,646584,646740.0,0,0,0,0,0,2
2070,2071,646896,647054.5,0,0,0,0,2,0
2071,2072,647213,647371.5,0,0,0,0,2,2
2072,2073,647530,647696.5,0,0,0,1,3,0
2073,2074,647863,648019.0,0,0,0,1,0,1
2074,2075,648175,648338.0,0,0,0,0,4,0
2075,2076,648501,648659.5,1,0,0,0,3,0
2076,2077,648818,648974.5,0,0,0,0,1,0
2077,2078,649131,649290.0,0,0,0,1,2,1
2078,2079,649449,649608.5,0,0,0,0,5,1
2079,2080,649768,649931.5,0,0,0,1,5,1
2080,2081,650095,650250.0,0,0,0,0,2,0
2081,2082,650405,650565.0,0,0,0,1,3,1
2082,2083,650725,650885.0,0,0,0,0,4,0
2083,2084,651045,651206.5,0,0,0,1,2,4
2084,2085,651368,651527.0,1,0,1,0,2,0
2085,2086,651686,651844.0,1,0,0,0,2,0
2086,2087,652002,652158.0,0,2,0,0,0,0
2087,2088,652314,652470.0,0,0,1,0,0,0
2088,2089,652626,652779.0,0,0,0,0,0,0
2089,2090,652932,653087.5,0,0,0,0,0,0
2090,2091,653243,653396.0,0,0,0,0,0,0
2091,2092,653549,653707.0,0,0,0,0,0,0
2092,2093,653865,654019.0,0,0,0,0,0,0
2093,2094,654173,654330.0,0,1,0,0,0,0
2094,2095,654487,654638.5,0,0,0,0,0,0
2095,2096,654790,654942.5,0,0,0,0,0,0
2096,2097,655095,655249.5,0,1,0,0,0,0
2097,2098,655404,655557.5,0,1,0,0,0,0
2098,2099,655711,655865.0,0,0,0,0,0,0
2099,2100,656019,656173.5,0,2,0,0,0,0
2100,2101,656328,656481.0,0,0,0,0,0,0
2101,2102,656634,656789.5,0,0,2,0,0,0
2102,2103,656945,657100.5,0,0,0,0,0,0
2103,2104,657256,657411.0,0,0,0,0,0,0
2104,2105,657566,657721.5,0,0,0,0,0,0
2105,2106,657877,658036.0,0,0,0,0,0,0
2106,2107,658195,658352.5,0,0,1,1,0,0
2107,2108,658510,658665.5,0,0,0,0,0,0
2108,2109,658821,658982.0,0,0,1,0,1,0
2109,2110,659143,659299.0,0,0,3,0,0,0
2110,2111,659455,659623.0,0,0,0,1,2,0
2111,2112,659791,659950.5,0,0,1,0,0,1
2112,2113,660110,660269.5,0,0,2,0,0,0
2113,2114,660429,660587.5,0,0,1,0,0,0
2114,2115,660746,660906.0,0,0,3,0,0,0
2115,2116,661066,661222.0,0,0,1,0,0,0
2116,2117,661378,661537.0,0,0,1,0,0,0
2117,2118,661696,661858.0,0,0,2,0,0,0
2118,2119,662020,662173.0,0,0,1,0,0,0
2119,2120,662326,662478.5,0,0,0,0,0,0
2120,2121,662631,662794.5,0,0,2,0,0,0
2121,2122,662958,663116.5,0,0,3,0,0,0
2122,2123,663275,663437.0,0,0,2,0,0,0
2123,2124,663599,663774.5,0,0,3,1,0,0
2124,2125,663950,664106.0,0,4,1,0,0,0
2125,2126,664262,664418.5,0,1,0,0,0,0
2126,2127,664575,664742.0,0,0,3,0,0,0
2127,2128,664909,665072.5,0,0,1,0,0,0
2128,2129,665236,665392.5,0,0,0,0,0,0
2129,2130,665549,665702.5,0,0,0,0,0,0
2130,2131,665856,666016.5,0,0,0,0,0,0
2131,2132,666177,666331.0,3,0,0,0,0,0
2132,2133,666485,666639.0,2,0,0,0,0,0
2133,2134,666793,666952.0,0,0,3,0,0,0
2134,2135,667111,667267.5,2,0,3,1,0,0
2135,2136,667424,667594.0,0,0,0,0,0,0
2136,2137,667764,667922.0,0,0,1,1,0,0
2137,2138,668080,668241.5,0,6,1,0,0,3
2138,2139,668403,668562.5,0,1,0,0,0,0
2139,2140,668722,668877.0,0,0,1,0,0,0
2140,2141,669032,669195.5,0,0,0,1,0,0
2141,2142,669359,669516.5,0,0,1,1,1,3
2142,2143,669674,669834.0,0,0,0,0,1,1
2143,2144,669994,670148.0,0,0,0,0,1,1
2144,2145,670302,670458.5,0,0,0,0,0,0
2145,2146,670615,670769.0,2,1,0,0,0,0
2146,2147,670923,671076.5,0,0,0,0,0,0
2147,2148,671230,671383.0,0,0,0,0,0,0
2148,2149,671536,671689.5,0,2,1,0,0,0
2149,2150,671843,671996.0,0,0,0,0,0,0
2150,2151,672149,672305.0,0,0,0,0,0,0
2151,2152,672461,672613.0,0,0,0,0,0,0
2152,2153,672765,672918.5,0,0,0,0,0,0
2153,2154,673072,673225.0,1,0,0,0,0,0
2154,2155,673378,673529.5,0,0,0,0,0,0
2155,2156,673681,673837.5,2,0,0,0,0,0
2156,2157,673994,674149.5,0,0,0,0,0,0
2157,2158,674305,674459.0,0,0,0,0,0,0
2158,2159,674613,674766.5,0,0,0,0,0,0
2159,2160,674920,675074.0,0,0,0,0,0,0
2160,2161,675228,675393.0,0,2,0,0,0,0
2161,2162,675558,675717.5,0,1,0,0,0,0
2162,2163,675877,676030.0,0,0,0,0,0,0
2163,2164,676183,676338.0,0,0,0,0,0,0
2164,2165,676493,676649.0,0,0,0,0,0,0
2165,2166,676805,676958.5,0,0,0,0,0,0
2166,2167,677112,677266.0,0,0,0,0,0,0
2167,2168,677420,677574.0,0,0,0,0,0,0
2168,2169,677728,677882.0,0,1,0,0,0,0
2169,2170,678036,678188.0,0,0,0,0,0,0
2170,2171,678340,678495.0,0,0,0,0,0,0
2171,2172,678650,678803.0,0,0,0,0,0,0
2172,2173,678956,679111.0,0,0,0,0,0,0
2173,2174,679266,679419.0,1,0,0,0,0,0
2174,2175,679572,679725.0,0,0,0,0,0,0
2175,2176,679878,680034.0,0,0,0,0,0,0
2176,2177,680190,680346.5,0,0,0,0,0,0
2177,2178,680503,680659.0,1,0,0,0,0,0
2178,2179,680815,680966.0,0,0,0,0,0,0
2179,2180,681117,681273.0,0,0,0,0,0,0
2180,2181,681429,681586.0,0,0,0,0,0,0
2181,2182,681743,681897.0,0,0,0,0,0,0
2182,2183,682051,682202.5,0,0,0,0,0,0
2183,2184,682354,682508.5,0,0,0,0,0,0
2184,2185,682663,682816.5,0,0,0,0,0,0
2185,2186,682970,683125.0,0,1,0,0,0,0
2186,2187,683280,683434.5,0,0,0,0,0,0
2187,2188,683589,683744.0,0,0,0,0,0,0
2188,2189,683899,684055.5,1,0,0,0,0,0
2189,2190,684212,684365.5,0,0,0,0,0,0
2190,2191,684519,684672.5,0,0,0,0,0,0
2191,2192,684826,684980.5,1,0,0,0,0,0
2192,2193,685135,685288.0,0,0,0,0,0,0
2193,2194,685441,685593.5,0,0,0,0,0,0
2194,2195,685746,685899.0,1,0,1,0,0,0
2195,2196,686052,686204.5,0,0,0,0,0,0
2196,2197,686357,686510.5,0,1,0,0,0,0
2197,2198,686664,686815.5,0,0,0,0,0,0
2198,2199,686967,687120.0,0,0,0,0,0,0
2199,2200,687273,687426.5,0,1,0,0,0,0
2200,2201,687580,687734.5,0,0,0,0,0,0
2201,2202,687889,688040.0,0,0,0,0,0,0
2202,2203,688191,688345.0,0,0,0,0,0,0
2203,2204,688499,688657.0,1,1,0,0,0,0
2204,2205,688815,688968.5,0,1,0,0,0,0
2205,2206,689122,689278.0,0,0,0,0,0,0
2206,2207,689434,689587.5,2,0,0,0,0,0
2207,2208,689741,689899.0,3,1,0,0,0,0
2208,2209,690057,690213.5,2,4,0,0,0,0
2209,2210,690370,690526.5,2,3,0,0,0,0
2210,2211,690683,690841.5,2,5,0,0,0,0
2211,2212,691000,691155.0,1,2,0,0,0,0
2212,2213,691310,691469.5,0,9,0,0,0,0
2213,2214,691629,691786.0,1,0,1,0,0,0
2214,2215,691943,692096.5,0,0,2,0,0,0
2215,2216,692250,692409.5,1,0,7,0,0,0
2216,2217,692569,692726.5,2,0,2,2,0,0
2217,2218,692884,693038.5,0,1,0,2,0,0
2218,2219,693193,693349.5,1,0,0,0,3,0
2219,2220,693506,693658.5,0,0,0,0,0,0
2220,2221,693811,693966.5,0,0,0,0,0,0
2221,2222,694122,694274.5,0,0,0,0,0,0
2222,2223,694427,694584.5,0,0,0,0,3,0
2223,2224,694742,694894.5,0,0,0,0,0,0
2224,2225,695047,695203.5,0,0,0,0,0,0
2225,2226,695360,695514.5,0,0,0,0,0,0
2226,2227,695669,695822.5,0,0,0,0,0,0
2227,2228,695976,696136.0,0,0,0,0,0,0
2228,2229,696296,696454.5,0,0,0,0,0,0
2229,2230,696613,696769.5,0,0,0,0,0,0
2230,2231,696926,697088.5,0,0,1,0,0,0
2231,2232,697251,697413.0,0,0,0,0,0,0
2232,2233,697575,697734.0,0,0,0,0,0,0
2233,2234,697893,698054.5,0,0,0,0,0,0
2234,2235,698216,698387.0,0,0,0,0,0,0
2235,2236,698558,698722.5,0,0,0,0,0,0
2236,2237,698887,699055.0,0,0,0,0,0,1
2237,2238,699223,699380.0,0,0,0,0,0,0
2238,2239,699537,699699.0,0,0,1,0,0,0
2239,2240,699861,700018.5,1,0,0,1,2,0
2240,2241,700176,700336.5,0,0,0,0,0,1
2241,2242,700497,700654.5,0,0,0,0,0,0
2242,2243,700812,700982.5,0,0,0,0,0,0
2243,2244,701153,701309.0,0,0,0,0,0,0
2244,2245,701465,701618.0,0,0,0,0,0,0
2245,2246,701771,701936.0,0,0,0,0,0,0
2246,2247,702101,702263.5,0,0,0,0,1,1
2247,2248,702426,702590.5,0,2,0,0,0,0
2248,2249,702755,702912.5,0,0,0,0,2,0
2249,2250,703070,703223.0,0,0,0,0,0,0
2250,2251,703376,703528.0,0,0,0,0,0,0
2251,2252,703680,703832.5,0,0,0,0,0,0
2252,2253,703985,704140.5,0,0,0,0,0,0
2253,2254,704296,704447.0,0,0,0,0,0,0
2254,2255,704598,704750.5,0,0,0,0,0,0
2255,2256,704903,705056.5,0,0,0,0,0,0
2256,2257,705210,705362.5,0,0,0,0,0,0
2257,2258,705515,705666.5,0,0,0,0,0,0
2258,2259,705818,705970.5,0,0,0,0,0,0
2259,2260,706123,706286.5,0,0,0,0,0,0
2260,2261,706450,706626.0,0,0,0,0,1,1
2261,2262,706802,706965.5,0,0,0,0,0,0
2262,2263,707129,707283.5,0,0,0,0,0,0
2263,2264,707438,707591.5,0,0,0,0,0,0
2264,2265,707745,707898.5,0,0,0,0,0,0
2265,2266,708052,708204.5,0,0,0,0,0,0
2266,2267,708357,708503.5,0,1,0,0,0,0
2267,2268,708650,708650.5,0,0,0,0,0,0
